,developer,name,platforms,publisher,release,reviewed,score
0,RageSquid,Descenders,"Linux, Mac, Win",No More Robots,"Feb 9, 2018",02/09/2018,7.0
1,Firaxis Games,Civilization 6: Rise and Fall,Win,2K Games,"Feb 8, 2018",02/07/2018,9.0
2,Arc System Works,Dragon Ball FighterZ,"PS4, Win, Xbox One",Bandai Namco,"Jan 26, 2018",02/05/2018,8.5
3,Atlus,Radiant Historia: Perfect Chronology,3DS,Atlus,"Feb 13, 2018",02/05/2018,8.0
4,Tokyo RPG Factory,Lost Sphear,"Nintendo Switch, PS4, Win",Square Enix,"Jan 23, 2018",02/05/2018,6.0
5,Electronic Arts,EA Sports UFC 3,"PS4, Xbox One",Electronic Arts,"Feb 2, 2018",02/02/2018,7.5
6,Team Ico,Shadow of the Colossus,"PS2, PS4, PSN",Sony Computer Entertainment,"Oct 18, 2005",01/30/2018,9.5
7,Capcom,Monster Hunter: World,"PS4, Win, Xbox One",Capcom,"Jan 26, 2018",01/26/2018,9.0
8,Matt Makes Games,Celeste,"Nintendo Switch, PS4, Win, Xbox One",Matt Makes Games,"Jan 25, 2018",01/25/2018,8.0
9,PUBG Corp.,PlayerUnknown's Battlegrounds,"Win, Xbox One",PUBG Corp.,"Mar 23, 2017",12/20/2017,10.0
10,Monolith Software,Xenoblade Chronicles 2,Nintendo Switch,Nintendo,Holiday 2017,11/30/2017,7.5
11,TT Games,Lego Marvel Super Heroes 2,"Nintendo Switch, PS4, Win, Xbox One",Warner Bros. Interactive Entertainment,"Nov 14, 2017",11/22/2017,6.0
12,EA Digital Illusions CE,Star Wars Battlefront 2,"PS4, Win, Xbox One",Electronic Arts,"Nov 17, 2017",11/20/2017,7.0
13,Omega Force,Fire Emblem Warriors,"New Nintendo 3DS, Nintendo Switch",Nintendo,Fall 2017,11/20/2017,7.5
14,Trinket Studios,Battle Chef Brigade,"Nintendo Switch, Win",,"Nov 20, 2017",11/20/2017,7.0
15,Ghost Games,Need for Speed Payback,"PS4, Win, Xbox One",Electronic Arts,"Nov 10, 2017",11/11/2017,6.5
16,Sledgehammer Games,Call of Duty: WWII,"PS4, Win, Xbox One",Activision,"Nov 3, 2017",11/06/2017,7.0
17,Guerrilla Games,Horizon Zero Dawn: The Frozen Wilds,PS4,Sony Interactive Entertainment,"Nov 7, 2017",11/06/2017,8.0
18,Sonic Team,Sonic Forces,"Nintendo Switch, PS4, Win, Xbox One",Sega,Holiday 2017,11/05/2017,5.0
19,Grumpyface Studios,Steven Universe: Save the Light,"PS4, Xbox One",Cartoon Network Games,,10/31/2017,5.0
20,Nintendo Entertainment Planning & Development,Super Mario Odyssey,Nintendo Switch,Nintendo,"Oct 27, 2017",10/26/2017,9.5
21,MachineGames,Wolfenstein 2: The New Colossus,"PS4, Win, Xbox One",Bethesda Softworks,"Oct 27, 2017",10/26/2017,9.0
22,Ubisoft Montreal,Assassin's Creed Origins,"PS4, Win, Xbox One",Ubisoft,"Oct 27, 2017",10/26/2017,8.5
23,TickTock Games,Rogue Trooper Redux,"Nintendo Switch, PS4, Win, Xbox One",Rebellion Developments,"Oct 17, 2017",10/20/2017,6.5
24,Tango Gameworks,The Evil Within 2,"PS4, Win, Xbox One",Bethesda Softworks,"Oct 13, 2017",10/18/2017,9.0
25,Bandai Namco,Gundam Versus,PS4,Bandai Namco,Fall 2017,10/18/2017,8.0
26,Atlus,Etrian Odyssey 5: Beyond the Myth,3DS,Atlus,"Oct 17, 2017",10/17/2017,8.5
27,Ubisoft San Francisco,South Park: The Fractured But Whole,"PS4, Win, Xbox One",Ubisoft,"Oct 17, 2017",10/16/2017,7.0
28,Larian Studios,Divinity: Original Sin 2,Win,Larian Studios,,10/13/2017,7.0
29,Lion Game Lion,Raid: World War II,"PS4, Win, Xbox One",Starbreeze Studios,"Sep 26, 2017",10/10/2017,3.5
30,AlphaDream,Mario & Luigi: Superstar Saga + Bowser's Minions,3DS,Nintendo,"Oct 6, 2017",10/06/2017,8.0
31,Monolith Productions,Middle-earth: Shadow of War,"PS4, Win, Xbox One",Warner Bros. Interactive Entertainment,"Oct 10, 2017",10/05/2017,7.5
32,Turn 10 Studios,Forza Motorsport 7,"Win, Xbox One",Microsoft Studios,"Oct 3, 2017",10/04/2017,8.5
33,Airship Syndicate,Battle Chasers: Nightwar,"Mac, PS4, Win, Xbox One",,,10/02/2017,8.0
34,Reikon Games,Ruiner,"Linux, Mac, PS4, Win, Xbox One",Devolver Digital,,09/29/2017,6.0
35,StudioMDHR Entertainment,Cuphead,"Win, Xbox One",StudioMDHR Entertainment,"Sep 29, 2017",09/29/2017,8.5
36,EA Vancouver,FIFA 18,"360, Nintendo Switch, PS3, PS4, Win, Xbox One",Electronic Arts,"Sep 29, 2017",09/28/2017,9.0
37,The Creative Assembly,Total War: Warhammer 2,Win,Sega,"Sep 28, 2017",09/27/2017,8.0
38,Firaxis Games,XCOM 2: War of the Chosen,"Linux, Mac, PS4, Win, Xbox One",2K Games,"Aug 29, 2017",09/27/2017,9.5
39,Nihon Falcom Corp.,Ys 8: Lacrimosa of Dana,"PS Vita, PS4",NIS America,"Sep 12, 2017",09/26/2017,9.5
40,Visual Concepts,NBA 2K18,"360, Nintendo Switch, PS3, PS4, Win, Xbox One",2K Sports,"Sep 19, 2017",09/24/2017,7.0
41,Suspicious Developments,Heat Signature,Win,Suspicious Developments,,09/22/2017,7.5
42,Bungie,Destiny 2,"PS4, Win, Xbox One",Activision,"Sep 6, 2017",09/20/2017,9.0
43,Spike Chunsoft,Danganronpa V3: Killing Harmony,"PS Vita, PS4, Win",NIS America,"Sep 26, 2017",09/19/2017,8.0
44,EA Tiburon,NBA Live 18,"PS4, Xbox One",Electronic Arts,Fall 2017,09/18/2017,7.0
45,Capcom,Marvel vs. Capcom: Infinite,"PS4, Win, Xbox One",Capcom,"Sep 19, 2017",09/18/2017,7.5
46,Arkane Studios,Dishonored: Death of the Outsider,"PS4, Win, Xbox One",Bethesda Softworks,"Sep 15, 2017",09/15/2017,8.0
47,"What Pumpkin Games, Inc.",Hiveswap,"Mac, Win","What Pumpkin Games, Inc.","Sep 14, 2017",09/14/2017,8.0
48,EA Canada,NHL 18,"PS4, Xbox One",Electronic Arts,"Sep 15, 2017",09/13/2017,6.5
49,Monster Games,NASCAR Heat 2,"PS4, Win, Xbox One",704 Games,"Sep 12, 2017",09/12/2017,7.5
50,MercurySteam Entertainment,Metroid: Samus Returns,3DS,Nintendo,"Sep 15, 2017",09/12/2017,9.0
51,Ninja Theory Limited,Hellblade: Senua's Sacrifice,"PS4, Win",Ninja Theory Limited,"Aug 8, 2017",09/06/2017,8.5
52,Deck Nine Games,Life is Strange: Before the Storm,"PS4, Win, Xbox One",Square Enix,"Aug 31, 2017",09/05/2017,8.0
53,SIE Japan Studio,Knack 2,PS4,Sony Interactive Entertainment,H2 2017,09/05/2017,7.5
54,Wizard Fu Games,Songbringer,"Linux, Mac, PS4, Win, Xbox One",Wizard Fu Games,"Sep 1, 2017",08/31/2017,6.5
55,Ovosonico,Last Day of June,"PS4, Win",505 Games,"Aug 31, 2017",08/30/2017,8.5
56,Sloclap,Absolver,"PS4, Win",Devolver Digital,"Aug 29, 2017",08/29/2017,8.5
57,Ubisoft,Mario + Rabbids Kingdom Battle,Nintendo Switch,Ubisoft,"Aug 29, 2017",08/28/2017,8.0
58,Codemasters Birmingham,F1 2017,"PS4, Win, Xbox One",Codemasters,"Aug 25, 2017",08/25/2017,8.0
59,Boss Key Productions,LawBreakers,Win,Nexon,2016,08/24/2017,6.5
60,Sega,Yakuza Kiwami,PS4,Sega,"Aug 29, 2017",08/21/2017,7.0
61,Bithell Games,Subsurface Circular,Win,Bithell Games,"Aug 17, 2017",08/17/2017,9.0
62,Naughty Dog,Uncharted: The Lost Legacy,PS4,Sony Interactive Entertainment,"Aug 22, 2017",08/17/2017,8.5
63,EA Tiburon,Madden NFL 18,"PS4, Xbox One",Electronic Arts,"Aug 25, 2017",08/17/2017,8.0
64,Valve,Dota 2,"Linux, Mac, Win",Valve,"Jul 9, 2013",08/15/2017,8.5
65,Volition,Agents of Mayhem,"PS4, Win, Xbox One",Deep Silver,"Aug 15, 2017",08/15/2017,5.5
66,Sega,Sonic Mania,"Nintendo Switch, PS4, Win, Xbox One",Sega,Summer 2017,08/14/2017,7.0
67,Telltale Games,Batman: The Enemy Within,"Android, PS4, Win, Xbox One, iOS",Telltale Games,"Aug 8, 2017",08/11/2017,8.0
68,Game Grumps,Dream Daddy,"Mac, Win",Game Grumps,"Jul 20, 2017",08/10/2017,8.0
69,Asymmetric,West of Loathing,"Linux, Mac, Win, iOS",Asymmetric,"Aug 10, 2017",08/10/2017,9.0
70,Epic Games,Fortnite,"PS4, Win, Xbox One",Epic Games,2013,08/03/2017,7.5
71,Fullbright,Tacoma,"Mac, Win, Xbox One",Fullbright,"Aug 2, 2017",08/01/2017,7.0
72,Nintendo Entertainment Planning & Development,Miitopia,3DS,Nintendo,"Jul 28, 2017",07/27/2017,8.0
73,Arzest Corporation,Hey! Pikmin,3DS,Nintendo,"Jul 28, 2016",07/26/2017,7.0
74,Mothership Entertainment LLC,Aven Colony,"PS4, Win, Xbox One",Team17,"Jul 25, 2017",07/25/2017,5.0
75,Supergiant Games,Pyre,"Linux, PS4, Win",Supergiant Games,"Jul 25, 2017",07/24/2017,9.0
76,Andrew Morrish,Kingsway,Win,Adult Swim Games,"Jul 18, 2017",07/24/2017,8.0
77,Motiga,Gigantic,"Win, Xbox One",,,07/21/2017,8.0
78,Nintendo Entertainment Planning & Development,Splatoon 2,Nintendo Switch,Nintendo,Summer 2017,07/18/2017,8.0
79,Prideful Sloth,Yonder: The Cloud Catcher Chronicles,"PS4, Win",,"Jul 18, 2017",07/17/2017,7.0
80,Square Enix,Final Fantasy 12: The Zodiac Age,PS4,Square Enix,,07/10/2017,8.5
81,Vicarious Visions,Crash Bandicoot N. Sane Trilogy,PS4,Activision,"Jun 30, 2017",06/30/2017,6.0
82,Grezzo,Ever Oasis,3DS,Nintendo,June 2017,06/29/2017,5.5
83,Media Vision,Valkyria Revolution,"PS Vita, PS4, Xbox One",Sega,,06/27/2017,4.5
84,Bandai Namco,Tekken 7,"PS4, Win, Xbox One",Bandai Namco,,06/20/2017,8.0
85,Codemasters,DIRT 4,"PS4, Win, Xbox One",Codemasters,"Jun 6, 2017",06/09/2017,9.0
86,Ustwo,Monument Valley 2,iOS,Ustwo,"Jun 5, 2017",06/08/2017,8.0
87,Telltale Games,The Walking Dead: The Telltale Series - A New Frontier,"Android, Mac, PS4, Win, Xbox One, iOS",Telltale Games,"Dec 19, 2016",12/20/2016,5.0
88,Nintendo Entertainment Planning & Development,Arms,Nintendo Switch,Nintendo,"Jun 16, 2017",06/07/2017,8.0
89,Zoetrope Interactive,Conarium,Win,Iceberg Interactive,"Jun 6, 2017",06/06/2017,7.5
90,Illfonic,Friday the 13th: The Game,"PS4, Win, Xbox One",Gun Media,"May 26, 2017",06/05/2017,4.0
91,"Act 3 Games, LLC",The Fidelio Incident,Win,,"May 23, 2017",06/02/2017,6.5
92,Daedalic Entertainment,The Long Journey Home,Win,Daedalic Entertainment,"May 30, 2017",05/29/2017,5.5
93,Omega Force,Samurai Warriors: Spirit of Sanada,"PS4, Win",Koei Tecmo America,"May 23, 2017",05/26/2017,8.0
94,Capcom,Ultra Street Fighter 2: The Final Challengers,Nintendo Switch,Capcom,"May 26, 2017",05/25/2017,6.0
95,The Deep End Games,Perception,"PS4, Win, Xbox One",Feardemic,"May 30, 2017",05/25/2017,6.5
96,Tequila Works,Rime,"Nintendo Switch, PS4, Win, Xbox One",Grey Box,"May 26, 2017",05/25/2017,6.5
97,Big Star Games,Reservoir Dogs: Bloody Days,"Win, Xbox One",Lionsgate,"May 18, 2017",05/23/2017,5.0
98,Motion Twin,Dead Cells,Win,Motion Twin,"May 10, 2017",05/19/2017,9.0
99,Broken Rules,Old Man's Journey,"Android, Mac, Win, iOS",Broken Rules,"May 18, 2017",05/18/2017,8.0
100,Intelligent Systems,Fire Emblem Echoes: Shadows of Valentia,3DS,Nintendo,"May 19, 2017",05/18/2017,6.5
101,NetherRealm Studios,Injustice 2,"PS4, Xbox One",Warner Bros. Interactive Entertainment,2017,05/17/2017,9.0
102,Impulse Gear,Farpoint,PS4,Sony Interactive Entertainment,"May 16, 2017",05/16/2017,7.5
103,Deck13 Interactive,The Surge,"PS4, Win, Xbox One",Focus Home Interactive,"May 15, 2017",05/15/2017,8.0
104,Saber Interactive,NBA Playgrounds,"Nintendo Switch, PS4, Win, Xbox One",Mad Dog Games,"May 9, 2017",05/14/2017,4.5
105,Laura Shigihara,Rakuen,"Linux, Mac, Win",Laura Shigihara,"May 10, 2017",05/12/2017,9.5
106,Arkane Studios,Prey (2017),"PS4, Win, Xbox One",Bethesda Softworks,2017,05/10/2017,8.5
107,Toybox,Birthdays the Beginning,"PS4, Win",NIS America,2017,05/10/2017,6.0
108,Greg Wohlwend,TumbleSeed,"Mac, Nintendo Switch, PS4, Win",aeiowu,"May 2, 2017",05/04/2017,6.0
109,Omega Force,Dragon Quest Heroes 2,PS4,Square Enix,"Apr 25, 2016",05/01/2017,6.5
110,Double Fine Productions,Full Throttle Remastered,"PS4, Win",Double Fine Productions,"Apr 18, 2017",04/26/2017,7.5
111,Twisted Pixel Games,Wilson's Heart,Win,Oculus VR,,04/25/2017,8.5
112,Red Barrels Games,Outlast 2,"Mac, PS4, Win, Xbox One",Red Barrels Games,"Apr 25, 2017",04/24/2017,7.5
113,Giant Sparrow,What Remains of Edith Finch,"PS4, Win",Annapurna Interactive,"Apr 25, 2017",04/24/2017,9.0
114,Telltale Games,Marvel's Guardians of the Galaxy: The Telltale Series,"Android, PS4, Win, Xbox One, iOS",Telltale Games,"Apr 18, 2017",04/21/2017,8.0
115,Tarsier Studios,Little Nightmares,"PS4, Win, Xbox One",Bandai Namco,"Apr 28, 2017",04/21/2017,8.5
116,Relic Entertainment,"Warhammer 40,000: Dawn of War 3",Win,Sega,2017,04/20/2017,8.0
117,The Bartlet Jones Supernatural Detective Agency,Drawn to Death,PS4,Sony Interactive Entertainment,"Apr 4, 2017",04/19/2017,5.0
118,PaperSeven LTD,Blackwood Crossing,"PS4, Win, Xbox One",Vision Games Publishing LTD,"Apr 5, 2017",04/05/2017,8.5
119,Playtonic Games,Yooka-Laylee,"Linux, Mac, Nintendo Switch, PS4, Win, Xbox One",Playtonic Games,"Apr 11, 2017",04/04/2017,5.5
120,Terrible Toybox,Thimbleweed Park,"Android, Linux, Mac, Win, iOS",Terrible Toybox,"Mar 30, 2017",03/30/2017,8.0
121,SIE San Diego Studio,MLB The Show 17,PS4,Sony Interactive Entertainment,"Mar 28, 2017",03/29/2017,8.0
122,Atlus,Persona 5,"PS3, PS4",Atlus,"Apr 4, 2017",03/29/2017,9.0
123,Videocult,Rain World,"PS4, Win",Adult Swim Games,"Mar 28, 2017",03/27/2017,5.0
124,David OReilly,Everything,"Mac, PS4, Win",Double Fine Productions,"Mar 21, 2017",03/21/2017,9.0
125,BioWare Montreal,Mass Effect: Andromeda,"PS4, Win, Xbox One",Electronic Arts,"Mar 21, 2017",03/20/2017,7.5
126,Ubisoft Paris,Tom Clancy's Ghost Recon Wildlands,"PS4, Win, Xbox One",Ubisoft,"Mar 7, 2017",03/15/2017,6.0
127,InXile Entertainment,Torment: Tides of Numenera,"Linux, Mac, PS4, Win, Xbox One",InXile Entertainment,TBA,03/09/2017,8.0
128,PlatinumGames,Nier: Automata,PS4,Square Enix,"Mar 7, 2017",03/06/2017,8.0
129,Infinite Fall,Night in the Woods,"Linux, Mac, PS4, Win",Finji,,03/03/2017,7.5
130,Nintendo Entertainment Planning & Development,The Legend of Zelda: Breath of the Wild,"Nintendo Switch, Wii U",Nintendo,"Mar 3, 2017",03/02/2017,10.0
131,Ubisoft Montreal,For Honor,"PS4, Win, Xbox One",Ubisoft,"Feb 14, 2017",02/22/2017,8.0
132,Guerrilla Games,Horizon Zero Dawn,PS4,Sony Interactive Entertainment,"Feb 28, 2017",02/20/2017,9.5
133,Rebellion Developments,Sniper Elite 4,"PS4, Win, Xbox One",Rebellion Developments,"Feb 14, 2017",02/18/2017,6.5
134,Intelligent Systems,Fire Emblem Heroes,"Android, iOS",Nintendo,"Feb 2, 2017",02/17/2017,8.0
135,The Creative Assembly,Halo Wars 2,"Win, Xbox One",Microsoft Studios,"Feb 21, 2017",02/16/2017,8.0
136,Culture Shock Games,We Are Chicago,"Linux, Mac, Win",Culture Shock Games,"Feb 9, 2017",02/10/2017,7.0
137,Team Ninja,Nioh,"PS4, Win",Tecmo Koei Games,"Feb 7, 2017",02/08/2017,8.0
138,Capcom,Resident Evil 7 biohazard,"PS4, Win, Xbox One",Capcom,"Jan 24, 2017",01/23/2017,9.0
139,Sega,Yakuza 0,PS4,Sega,"Jan 24, 2017",01/19/2017,8.0
140,SIE Japan Studio,Gravity Rush 2,PS4,Sony Interactive Entertainment,"Jan 20, 2017",01/10/2017,7.5
141,Twinbeard Studios,Frog Fractions 2,Win,Adult Swim Games,"Dec 24, 2016",12/27/2016,7.5
142,Mimimi Productions,Shadow Tactics: Blades of the Shogun,"Mac, Win",Daedalic Entertainment,"Dec 6, 2016",12/16/2016,8.5
143,Nintendo,Super Mario Run,"Android, iOS",Nintendo,"Dec 15, 2016",12/15/2016,7.0
144,Ubisoft Montreal,Watch Dogs 2,"PS4, Win, Xbox One",Ubisoft,"Nov 15, 2016",11/14/2016,8.0
145,Telltale Games,Batman: The Telltale Series,"360, Android, Mac, PS3, PS4, Win, Xbox One, iOS",Telltale Games,August 2016,08/02/2016,8.5
146,Ubisoft Annecy,Steep,"PS4, Win, Xbox One",Ubisoft,,12/12/2016,8.0
147,GenDesign,The Last Guardian,PS4,Sony Interactive Entertainment,"Dec 6, 2016",12/05/2016,7.5
148,Capcom Vancouver,Dead Rising 4,"PS4, Win, Xbox One",Microsoft Studios,2016-12-06,12/05/2016,8.0
149,Obsidian Entertainment,Tyranny,Win,Paradox Interactive,2016,12/01/2016,7.5
150,EA Vancouver,NHL 17,"PS4, Xbox One",Electronic Arts,"Sep 13, 2016",09/23/2016,7.5
151,Monster Games,NASCAR Heat Evolution,"PS4, Xbox One",Dusenberry Martin Racing,"Sep 13, 2016",09/22/2016,7.5
152,Variable State,Virginia,"PS4, Win, Xbox One",,,09/22/2016,9.0
153,Atlus,Shin Megami Tensei 4: Apocalypse,3DS,Atlus,"Sep 20, 2016",09/21/2016,7.5
154,Visual Concepts,NBA 2K17,"360, PS3, PS4, Win, Xbox One",2K Sports,"Sep 20, 2016",09/20/2016,8.0
155,Playground Games,Forza Horizon 3,"Win, Xbox One",Microsoft Studios,"Sep 27, 2016",09/20/2016,8.5
156,Armature Studio,ReCore,"Win, Xbox One",Microsoft Studios,"Sep 13, 2016",09/12/2016,6.5
157,,Phoenix Wright: Ace Attorney - Spirit of Justice,,,,09/09/2016,7.5
158,Eidos Montreal,Deus Ex: Mankind Divided,"PS4, Win, Xbox One",Square Enix,"Aug 23, 2016",08/19/2016,8.5
159,Next Level Games,Metroid Prime: Federation Force,3DS,Nintendo,,08/26/2016,5.0
160,Cyan Worlds,Obduction,"Mac, Win",Cyan Worlds,"Aug 24, 2016",08/25/2016,8.5
161,EA Tiburon,Madden NFL 17,"360, PS3, PS4, Xbox One",EA Sports,"Aug 23, 2016",08/22/2016,9.0
162,Plastic Studios,Bound,PS4,Plastic Studios,,08/15/2016,7.5
163,Hello Games,No Man's Sky,"PS4, Win",Hello Games,"Aug 9, 2016",08/12/2016,6.0
164,Giant Squid,Abzu,"PS4, Win",505 Games,"Aug 2, 2016",08/02/2016,7.5
165,Double Fine Productions,Headlander,"PS4, Win",Adult Swim Games,"Jul 26, 2016",07/25/2016,8.0
166,Blendo Games,Quadrilateral Cowboy,Win,Blendo Games,2013,07/25/2016,8.0
167,Square Enix,I Am Setsuna,"PS4, Win",Square Enix,"Jul 19, 2016",07/19/2016,8.5
168,Paradox Development Studio,Hearts of Iron 4,"Linux, Mac, Win",Paradox Interactive,,07/19/2016,8.0
169,Niantic Labs,Pokémon Go,"Android, iOS",The Pokemon Company,,07/14/2016,7.5
170,,Ghostbusters (2016),"PS4, Win, Xbox One",Activision,"Jul 12, 2016",07/12/2016,2.0
171,Action Button Entertainment,Videoball,"Linux, Mac, PS4, Win, Xbox One",Iron Galaxy Studios,"Jul 12, 2016",07/12/2016,9.0
172,Harebrained Schemes,Necropolis,"PS4, Win, Xbox One",Bandai Namco,"Jul 12, 2016",07/12/2016,5.5
173,Capcom,Monster Hunter Generations,3DS,Capcom,,07/12/2016,8.5
174,Insomniac Games,Song of the Deep,"PS4, Win, Xbox One",GameStop,"Jul 12, 2016",07/08/2016,7.0
175,Spike Chunsoft,Zero Escape: Zero Time Dilemma,"3DS, PS Vita, Win",Aksys Games,"Jun 28, 2016",06/29/2016,8.0
176,Playdead,Inside,"PS4, Win, Xbox One",Playdead,"Jun 29, 2016",06/28/2016,9.5
177,tri-Ace,Star Ocean: Integrity and Faithlessness,"PS3, PS4",Square Enix,2016,06/28/2016,5.0
178,EA Digital Illusions CE,Mirror's Edge Catalyst,"PS4, Win, Xbox One",Electronic Arts,"Jun 7, 2016",06/06/2016,8.0
179,Capcom,Umbrella Corps,"PS4, Win",Capcom,,06/23/2016,3.0
180,Comcept USA,Mighty No. 9,"360, 3DS, PS Vita, PS3, PS4, Wii U, Win, Xbox One",Deep Silver,"Jun 21, 2016",06/22/2016,5.0
181,,Breached,Win,,"Jun 22, 2016",06/22/2016,6.5
182,Atlus,Tokyo Mirage Sessions #FE,Wii U,Nintendo,"Jun 24, 2016",06/22/2016,9.5
183,Misfits Attic,Duskers,Win,Misfits Attic,"May 18, 2016",06/11/2016,9.0
184,HAL Laboratory,Kirby: Planet Robobot,3DS,Nintendo,"Jun 10, 2016",06/10/2016,8.0
185,Three Fields Entertainment,Dangerous Golf,"PS4, Win, Xbox One",Three Fields Entertainment,"Jun 3, 2016",06/07/2016,7.0
186,,Edge of Nowhere,,,,06/06/2016,7.5
187,Blizzard Entertainment,Overwatch,"PS4, Win, Xbox One",Blizzard Entertainment,"May 24, 2016",05/27/2016,8.0
188,PlatinumGames,Teenage Mutant Ninja Turtles: Mutants In Manhattan,"360, PS3, PS4, Win, Xbox One",Activision,"May 24, 2016",05/26/2016,3.0
189,Paradox Development Studio,Stellaris,"Mac, Win",Paradox Interactive,"May 9, 2016",05/20/2016,7.5
190,id Software,Doom (2016),"Nintendo Switch, PS4, Win, Xbox One",Bethesda Softworks,"May 13, 2016",05/18/2016,8.5
191,Dambuster Studios,Homefront: The Revolution,"Linux, Mac, PS4, Win, Xbox One",Deep Silver,2016,05/17/2016,6.0
192,Heavy Spectrum,Shadow of the Beast (2016),PS4,Sony Interactive Entertainment,"May 17, 2016",05/16/2016,3.0
193,Gearbox Software,Battleborn,"PS4, Win, Xbox One",2K Games,"May 3, 2016",05/13/2016,7.5
194,Clifftop Games,Kathy Rain,"Mac, Win",Raw Fury Games,"May 5, 2016",05/10/2016,6.5
195,,The Banner Saga 2,,,,05/06/2016,8.0
196,House House,Push Me Pull You,"Linux, Mac, PS4, Win",,,05/05/2016,8.5
197,Naughty Dog,Uncharted 4: A Thief's End,PS4,Sony Interactive Entertainment,"May 10, 2016",05/05/2016,9.0
198,DrinkBox Studios,Severed,"3DS, PS Vita, Wii U",DrinkBox Studios,"Apr 26, 2016",04/26/2016,9.0
199,Silicon Studio,Bravely Second: End Layer,3DS,Square Enix,"Apr 23, 2015",04/25/2016,7.0
200,Double Fine Productions,Day of the Tentacle Remastered,"Mac, PS Vita, PS4, Win",Double Fine Productions,"Mar 22, 2016",04/22/2016,7.0
201,Insomniac Games,Ratchet and Clank (2016),PS4,Sony Interactive Entertainment,"Apr 12, 2016",04/12/2016,8.0
202,Heart Machine,Hyper Light Drifter,"Linux, Mac, Win",,,04/06/2016,8.5
203,SCE San Diego Studio,MLB The Show 16,"PS3, PS4",Sony Computer Entertainment,"Mar 29, 2016",04/06/2016,8.0
204,FromSoftware,Dark Souls 3,"PS4, Win, Xbox One",Bandai Namco,"Apr 11, 2016",04/04/2016,7.0
205,Remedy Entertainment,Quantum Break,Xbox One,Microsoft Studios,Q2 2015,04/01/2016,8.5
206,Marvelous Interactive,Return to PopoloCrois: A Story of Seasons Fairytale,3DS,Xseed Games,"Mar 1, 2016",03/31/2016,6.5
207,Three One Zero,Adrift,Win,505 Games,"Mar 28, 2016",03/31/2016,6.5
208,ConcernedApe,Stardew Valley,"Nintendo Switch, PS4, Win, Xbox One",Chucklefish Games,"Feb 26, 2016",03/29/2016,9.0
209,EA Tiburon,Rory McIlroy PGA Tour,"PS4, Xbox One",EA Sports,"Jul 14, 2015",07/18/2015,7.5
210,Firaxis Games,XCOM 2,"Linux, Mac, PS4, Win, Xbox One",2K Games,"Feb 5, 2016",02/01/2016,8.0
211,Ska Studios,Salt and Sanctuary,"Linux, Mac, PS Vita, PS4, Win",Ska Studios,"Mar 15, 2016",03/22/2016,9.0
212,Massive Entertainment,Tom Clancy's The Division,"PS4, Win, Xbox One",Ubisoft,"Mar 8, 2016",03/15/2016,7.0
213,EA Canada,EA Sports UFC 2,"PS4, Xbox One",EA Sports,"Mar 15, 2016",03/11/2016,8.0
214,Media Vision,Digimon Story: Cyber Sleuth,"PS Vita, PS4",Bandai Namco,"Feb 2, 2016",03/04/2016,7.5
215,,The Legend of Zelda: Twilight Princess HD,Wii U,Nintendo,"Mar 4, 2016",03/01/2016,8.0
216,Superhot Team,Superhot,"Linux, Mac, Web, Win, Xbox One",Superhot Team,"Feb 25, 2016",02/25/2016,9.0
217,Red Hook Studios,Darkest Dungeon,"Mac, Win",Red Hook Studios,"Jan 19, 2016",02/24/2016,8.0
218,Capcom,Street Fighter 5,"PS4, Win",Capcom,"Feb 16, 2016",02/23/2016,6.5
219,Ubisoft Montreal,Far Cry Primal,"PS4, Win, Xbox One",Ubisoft,"Mar 1, 2016",02/22/2016,8.5
220,EA Canada,Plants vs. Zombies: Garden Warfare 2,"PS4, Win, Xbox One",Electronic Arts,"Feb 23, 2016",02/18/2016,8.0
221,Intelligent Systems,Fire Emblem Fates,3DS,Nintendo,"Feb 19, 2016",02/17/2016,8.5
222,Oxeye Game Studio,Cobalt,"360, Mac, Win, Xbox One",Mojang,,02/15/2016,7.0
223,TT Games,Lego Marvel's Avengers,"360, 3DS, PS Vita, PS3, PS4, Wii U, Win, Xbox One",Warner Bros. Interactive Entertainment,"Jan 26, 2016",02/11/2016,5.5
224,Campo Santo,Firewatch,"Linux, Mac, PS4, Win, Xbox One",Campo Santo,"Feb 9, 2016",02/08/2016,8.5
225,Coldwood Interactive,Unravel,"PS4, Win, Xbox One",Electronic Arts,"Feb 9, 2016",02/08/2016,6.0
226,SCS Software,American Truck Simulator,Win,SCS Software,"Feb 2, 2016",02/04/2016,8.0
227,Blackbird Interactive,Homeworld: Deserts of Kharak,Win,Gearbox Software,"Jan 20, 2016",02/03/2016,7.0
228,,Final Fantasy Explorers,3DS,Square Enix,"Jan 26, 2016",01/26/2016,8.0
229,Thekla Inc.,The Witness,"Mac, PS4, Win, Xbox One",Thekla Inc.,"Jan 26, 2016",01/25/2016,8.0
230,AlphaDream,Mario & Luigi: Paper Jam,3DS,Nintendo,"Jan 22, 2016",01/22/2016,6.5
231,Capcom Production Studio 3,Resident Evil 0,"360, GameCube, PS3, PS4, Win, Xbox One",Capcom,"Nov 12, 2002",01/19/2016,7.0
232,The Odd Gentlemen,King's Quest: Rubble Without a Cause,"360, PS3, PS4, Win, Xbox One",Sierra,"Dec 16, 2015",01/15/2016,5.0
233,Night School Studio,Oxenfree,"Mac, Win, Xbox One",Night School Studio,"Jan 15, 2015",01/15/2016,7.0
234,Capcom,Dragon's Dogma,"360, PS3, Win",Capcom,"May 22, 2012",05/20/2012,7.0
235,Bethesda Game Studios,Fallout 4,"PS4, Win, Xbox One",Bethesda Softworks,"Nov 10, 2015",11/09/2015,9.5
236,Ubisoft Montreal,Tom Clancy's Rainbow Six Siege,"PS4, Win, Xbox One",Ubisoft,"Dec 1, 2015",12/10/2015,6.0
237,Kojima Productions,Metal Gear Solid 5: The Phantom Pain,"360, PS3, PS4, Win, Xbox One",Konami,"Sep 1, 2015",08/27/2015,9.0
238,Avalanche Studios,Just Cause 3,"PS4, Win, Xbox One",Square Enix,"Dec 1, 2015",11/30/2015,8.5
239,Monolith Software,Xenoblade Chronicles X,Wii U,Nintendo,"Dec 4, 2015",11/30/2015,7.0
240,343 Industries,Halo 5: Guardians,Xbox One,Microsoft Studios,"Oct 27, 2015",10/26/2015,9.0
241,Digital Illusions CE,Star Wars Battlefront,"PS4, Win, Xbox One",Electronic Arts,"Nov 17, 2015",11/16/2015,8.0
242,Treyarch,Call of Duty: Black Ops 3,"360, PS3, PS4, Win, Xbox One",Activision,"Nov 6, 2015",11/06/2015,7.0
243,Crystal Dynamics,Rise of the Tomb Raider,"360, PS4, Win, Xbox One",Microsoft Studios,"Nov 10, 2015",11/09/2015,8.5
244,Level-5,Yo-kai Watch,3DS,Nintendo,"Nov 6, 2015",11/04/2015,7.5
245,Avalanche Software,Disney Infinity 3.0,"360, Android, PS3, PS4, Wii U, Win, Xbox One, iOS",Disney Interactive,"Aug 30, 2015",08/28/2015,8.0
246,Ubisoft Quebec,Assassin's Creed Syndicate,"PS4, Win, Xbox One",Ubisoft,"Oct 23, 2015",10/22/2015,8.5
247,Dontnod Entertainment,Life is Strange: Episode Five - Polarized,"360, PS3, PS4, Win, Xbox One",Square Enix,"Oct 20, 2015",10/21/2015,6.5
248,FreeStyleGames,Guitar Hero Live,"360, PS3, PS4, Wii U, Xbox One",Activision,"Oct 20, 2015",10/20/2015,9.0
249,Telltale Games,Minecraft: Story Mode - Episode 1: The Order of the Stone,"360, Android, Mac, PS Vita, PS3, PS4, Wii U, Win, Xbox One, iOS",Telltale Games,"Oct 13, 2015",10/13/2015,8.0
250,Harmonix Music Systems,Rock Band 4,"PS4, Xbox One",Performance Designed Products,"Oct 6, 2015",10/09/2015,7.5
251,Omega Force,Dragon Quest Heroes,"PS4, Win",Square Enix,"Oct 13, 2015",10/08/2015,8.0
252,PlatinumGames,Transformers: Devastation,"360, PS3, PS4, Win, Xbox One",Activision,"Oct 6, 2015",10/08/2015,6.5
253,Bungie,Destiny: The Taken King,"360, PS3, PS4, Xbox One",Activision,"Sep 15, 2015",09/28/2015,8.5
254,TT Games,Lego Dimensions,"360, PS3, PS4, Wii U, Xbox One",Warner Bros. Interactive Entertainment,"Sep 27, 2015",09/28/2015,8.0
255,Nintendo EAD Group No. 2,Animal Crossing: Happy Home Designer,3DS,Nintendo,"Sep 25, 2015",09/22/2015,6.0
256,EA Canada,NHL 16,"PS4, Xbox One",EA Sports,"Sep 15, 2015",09/22/2015,7.5
257,P Studio,Persona 4: Dancing All Night,PS Vita,Atlus,"Sep 29, 2015",09/22/2015,8.5
258,EA Canada,FIFA 16,"360, PS3, PS4, Win, Xbox One",EA Sports,"Sep 22, 2015",09/22/2015,9.0
259,Frictional Games,Soma,"Mac, PS4, Win",,"Sep 22, 2015",09/21/2015,9.0
260,Vicarious Visions,Skylanders Superchargers,"360, 3DS, PS3, PS4, Wii, Wii U, Xbox One",Activision,"Sep 20, 2015",09/20/2015,8.5
261,Bungie,Destiny,"360, PS3, PS4, Xbox One",Activision,TBA,09/12/2014,7.0
262,Asteroid Base,Lovers in a Dangerous Spacetime,"Mac, Win, Xbox One",,,09/11/2015,8.0
263,Avalanche Studios,Mad Max,"PS4, Win, Xbox One",Warner Bros. Interactive Entertainment,"Sep 1, 2015",08/31/2015,5.5
264,Turn 10 Studios,Forza Motorsport 6,Xbox One,Microsoft Studios,"Sep 15, 2015",09/08/2015,8.0
265,Nintendo EAD Group No. 4,Super Mario Maker,Wii U,Nintendo,"Sep 11, 2015",09/02/2015,9.5
266,EA Tiburon,Madden NFL 16,"360, PS3, PS4, Xbox One",Electronic Arts,"Aug 25, 2015",08/25/2015,9.0
267,Supermassive Games,Until Dawn,PS4,Sony Computer Entertainment,"Aug 25, 2015",08/24/2015,6.5
268,The Coalition,Gears of War: Ultimate Edition,Xbox One,Microsoft Studios,"Aug 25, 2015",08/24/2015,8.0
269,Daybreak Game Company,PlanetSide 2,"PS4, Win",Daybreak Game Company,"Nov 20, 2012",12/14/2012,7.5
270,Mike Bithell,Volume,"Mac, PS Vita, PS4, Win",,,08/18/2015,9.0
271,Atlus,Etrian Odyssey 2 Untold: The Fafnir Knight,3DS,Atlus,"Aug 4, 2015",08/13/2015,8.5
272,Dontnod Entertainment,Life is Strange: Episode Four - Dark Room,"360, PS3, PS4, Win, Xbox One",Square Enix,"Jul 28, 2015",08/13/2015,6.5
273,The Chinese Room,Everybody's Gone to the Rapture,PS4,Sony,"Aug 10, 2015",08/10/2015,7.0
274,Bits & Beasts,Feist,"Linux, Mac, Win",Finji,"Jul 23, 2015",08/11/2015,6.0
275,Pneuma Films,Contradiction,"Mac, Win",,"Jul 10, 2015",08/05/2015,8.0
276,17-Bit,Galak-Z: The Dimensional,"PS4, Win",17-Bit,"Aug 4, 2015",08/05/2015,9.0
277,,Rare Replay,Xbox One,Microsoft,"Aug 4, 2015",08/03/2015,8.0
278,The Odd Gentlemen,King's Quest: A Knight to Remember,"360, PS3, PS4, Win, Xbox One",Sierra,"Jul 28, 2015",07/28/2015,6.5
279,Psyonix,Rocket League,"Nintendo Switch, PS4, Win, Xbox One",Psyonix,"Jul 8, 2015",07/27/2015,9.0
280,Lancarse,Lost Dimension,,Atlus,"Jul 28, 2015",07/27/2015,7.5
281,Telltale Games,Game of Thrones: A Telltale Games Series - Episode 5: A Nest of Vipers,"360, Android, Mac, PS3, PS4, Win, Xbox One, iOS",Telltale Games,"Jul 21, 2015",07/21/2015,7.0
282,Game Freak,Tembo the Badass Elephant,"PS4, Win, Xbox One",Sega,,07/20/2015,8.0
283,ZeniMax Online Studios,The Elder Scrolls Online,"Mac, PS4, Win, Xbox One",Bethesda Softworks,"Apr 4, 2014",04/24/2014,6.0
284,Red Thread Games,Dreamfall Chapters: Book Three: Realms,"Mac, Win",,,07/14/2015,8.5
285,Nintendo EAD Group No. 2,Splatoon,Wii U,Nintendo,"May 29, 2015",05/27/2015,8.5
286,IMGN.Pro,Kholat,Win,IMGN.Pro,"Jun 9, 2015",06/23/2015,6.0
287,CD Projekt Red,The Witcher 3: Wild Hunt,"PS4, Win, Xbox One",,"May 19, 2015",05/13/2015,8.0
288,,Her Story,"Mac, Win",,"Jun 24, 2015",06/22/2015,8.5
289,Rocksteady Studios,Batman: Arkham Knight,"PS4, Win, Xbox One",Warner Bros. Interactive Entertainment,"Jun 23, 2015",06/19/2015,10.0
290,Telltale Games,Game of Thrones: A Telltale Games Series - Episode 4: Sons of Winter,"360, Android, Mac, PS3, PS4, Win, Xbox One, iOS",Telltale Games,"May 26, 2015",06/05/2015,8.0
291,Blizzard Entertainment,Heroes of the Storm,"Mac, Win",Blizzard Entertainment,"Jun 2, 2015",06/02/2015,7.5
292,,Life is Strange: Episode Three - Chaos Theory,,,,06/01/2015,6.5
293,Bungie,Destiny: House of Wolves,"360, PS3, PS4, Xbox One",Activision,"May 19, 2015",05/29/2015,7.0
294,Sony Online Entertainment,H1Z1,"PS4, Win",Sony Online Entertainment,,02/24/2015,6.5
295,Behold Studios,Chroma Squad,"Android, Linux, Mac, Win, iOS",Behold Studios,,05/19/2015,7.5
296,Roll7,Not a Hero,"Linux, Mac, PS Vita, PS4, Win",Devolver Digital,"May 7, 2015",05/15/2015,6.5
297,MachineGames,Wolfenstein: The Old Blood,"PS4, Win, Xbox One",Bethesda Softworks,"May 5, 2015",05/06/2015,7.0
298,Ubisoft,Assassin's Creed Chronicles: China,"PS4, Win, Xbox One",Ubisoft,"Apr 21, 2015",05/05/2015,7.5
299,NetherRealm Studios,Mortal Kombat X,"PS4, Win, Xbox One",Warner Bros. Interactive Entertainment,"Apr 14, 2015",04/13/2015,8.5
300,Double Fine Productions,Broken Age,"Android, Linux, Mac, Ouya, PS Vita, PS4, Win, iOS",Double Fine Productions,"Jan 28, 2014",01/15/2014,8.0
301,Evolution Studios,DriveClub,PS4,Sony Computer Entertainment,"Oct 7, 2014",10/07/2014,7.5
302,Undead Labs,State of Decay,"360, Win, Xbox One",Microsoft Studios,"Jun 5, 2013",06/05/2013,8.5
303,Firaxis Games,Sid Meier's Starships,"Mac, Win, iOS",2K Games,Early 2015,04/17/2015,6.5
304,FromSoftware,Dark Souls 2,"360, PS3, PS4, Win, Xbox One",Namco Bandai,"Mar 11, 2014",03/11/2014,9.0
305,Monolith Software,Xenoblade Chronicles,"New Nintendo 3DS, Wii",Nintendo,"May 6, 2012",04/14/2015,8.0
306,SCE San Diego Studio,MLB 15 The Show,"PS Vita, PS3, PS4",Sony Computer Entertainment,"Mar 31, 2015",04/13/2015,9.0
307,Intelligent Systems,Code Name: STEAM,3DS,Nintendo,"Mar 13, 2015",03/13/2015,6.0
308,Acid Nerve,Titan Souls,"Linux, Mac, PS Vita, PS4, Win",Devolver Digital,Q1 2015,04/13/2015,6.5
309,Telltale Games,Game of Thrones: A Telltale Games Series - Episode 3: The Sword in the Darkness,"360, Android, Mac, PS3, PS4, Win, Xbox One, iOS",Telltale Games,,04/09/2015,7.5
310,Nintendo,Mario Party 10,Wii U,Nintendo,"Mar 20, 2015",04/07/2015,6.5
311,Visceral Games,Battlefield Hardline,"360, PS3, PS4, Win, Xbox One",Electronic Arts,"Mar 17, 2015",03/17/2015,7.0
312,Thomas Happ Games,Axiom Verge,"PS Vita, PS4",Thomas Happ Games,"Mar 31, 2015",04/01/2015,7.0
313,FromSoftware,Bloodborne,PS4,Sony Computer Entertainment,"Mar 24, 2015",03/27/2015,9.0
314,Camouflaj,Republique Episode 3: Ones and Zeroes,"Android, Mac, Win, iOS",Camouflaj,"Feb 26, 2015",03/27/2015,8.5
315,Red Thread Games,Dreamfall Chapters: Book Two: Rebels,"Linux, Mac, Win",Red Thread Games,"Mar 12, 2015",03/26/2015,6.5
316,Dontnod Entertainment,Life is Strange: Episode Two - Out of Time,,Square Enix,"Mar 24, 2015",03/25/2015,8.5
317,Capcom,Resident Evil Revelations 2,"360, PS3, PS4, Win, Xbox One",Capcom,"Mar 18, 2015",03/25/2015,8.0
318,Roll7,OlliOlli 2: Welcome to Olliwood,"PS Vita, PS4",Roll7,"Mar 3, 2015",03/18/2015,9.0
319,Telltale Games,Tales from the Borderlands: Episode 2,"360, Android, Mac, PS3, PS4, Win, Xbox One, iOS",Telltale Games,"Mar 17, 2015",03/17/2015,8.5
320,Square Enix Product Development Division 1,Final Fantasy Type-0 HD,"PS4, Xbox One",Square Enix,"Mar 17, 2015",03/16/2015,8.0
321,Dennaton Games,Hotline Miami 2: Wrong Number,"PS Vita, PS4, Win",Devolver Digital,"Mar 10, 2015",03/10/2015,8.5
322,Moon Studios,Ori and the Blind Forest,"Win, Xbox One",Microsoft Studios,"Mar 11, 2015",03/09/2015,9.0
323,Frontier Developments,ScreamRide,"360, Xbox One",Microsoft Studios,"Mar 3, 2015",03/03/2015,8.0
324,Ready At Dawn Studios,The Order: 1886,PS4,Sony Computer Entertainment,"Feb 20, 2015",02/19/2015,5.5
325,HAL Laboratory,Kirby and the Rainbow Curse,Wii U,Nintendo,"Feb 20, 2015",02/18/2015,8.5
326,Eden Industries,Citizens of Earth,"3DS, PS Vita, PS4, Wii U, Win",Atlus,"Jan 20, 2015",02/17/2015,8.0
327,Turtle Rock Studios,Evolve,"PS4, Win, Xbox One",2K Games,"Feb 10, 2015",02/09/2015,8.0
328,The Creative Assembly,Total War: Attila,"Mac, Win",Sega,"Feb 17, 2015",02/12/2015,8.0
329,Capcom,Monster Hunter 4 Ultimate,3DS,Capcom,"Feb 13, 2015",02/10/2015,8.5
330,Nintendo Entertainment Analysis and Development,The Legend of Zelda: Majora's Mask,"3DS, N64, Virtual Console",Nintendo,"Oct 26, 2000",02/04/2015,9.0
331,Techland,Dying Light,"PS4, Win, Xbox One",Warner Bros. Interactive Entertainment,TBA 2014,02/03/2015,6.5
332,Telltale Games,Game of Thrones: A Telltale Games Series - Episode 2: The Lost Lords,"360, Android, Mac, PS3, PS4, Win, Xbox One, iOS",Telltale Games,"Feb 3, 2015",02/03/2015,7.0
333,Other Ocean Interactive,IDARB,Xbox One,Other Ocean Interactive,"Jan 30, 2015",02/02/2015,8.5
334,Dontnod Entertainment,Life is Strange: Episode One - Chrysalis,"360, PS3, PS4, Win, Xbox One",Square Enix,"Jan 30, 2015",01/29/2015,8.0
335,Double Fine Productions,Grim Fandango Remastered,"Linux, Mac, PS Vita, PS4, Win",Double Fine Productions,"Jan 27, 2015",01/27/2015,7.0
336,Volition,Saints Row: Gat Out of Hell,"PS4, Win, Xbox One",Deep Silver,"Jan 20, 2015",01/20/2015,6.0
337,Capcom,Resident Evil (2015),"360, PS3, PS4, Win, Xbox One",Capcom,"Jan 20, 2015",01/19/2015,7.0
338,Metalhead Software,Super Mega Baseball,"PS3, PS4",Metalhead Software,"Dec 16, 2014",01/06/2015,9.0
339,Croteam,The Talos Principle,"Linux, Mac, Win",Devolver Digital,"Dec 11, 2014",12/17/2014,8.5
340,Bungie,Destiny: The Dark Below,"360, PS3, PS4, Xbox One",Activision,"Dec 9, 2014",12/12/2014,5.0
341,Ivory Tower,The Crew,"360, PS4, Win, Xbox One",Ubisoft,"Nov 11, 2014",12/10/2014,4.5
342,Crystal Dynamics,Lara Croft and the Temple of Osiris,"PS4, Win, Xbox One",Square Enix,,12/08/2014,7.5
343,PES Productions,Pro Evolution Soccer 2015,"360, PS3, PS4, Win, Xbox One",Konami,,12/08/2014,8.0
344,Yuke's,WWE 2K15,"360, PS3, PS4, Win, Xbox One",2K Sports,"Nov 18, 2014",12/03/2014,5.5
345,Telltale Games,Game of Thrones: A Telltale Games Series - Episode 1: Iron from Ice,"360, Android, Mac, PS3, PS4, Win, Xbox One, iOS",Telltale Games,"Dec 2, 2014",12/02/2014,6.5
346,Nintendo Tokyo Software Development Group No. 2,Captain Toad: Treasure Tracker,Wii U,Nintendo,"Dec 5, 2014",12/01/2014,8.5
347,Brownie Brown,Fantasy Life,3DS,Level-5,"Oct 24, 2014",11/28/2014,5.5
348,Blizzard Entertainment,World of Warcraft: Warlords of Draenor,"Mac, Win",Blizzard Entertainment,,11/26/2014,9.5
349,Telltale Games,Tales from the Borderlands: Episode 1,"360, Android, Mac, PS3, PS4, Win, Xbox One, iOS",Telltale Games,"Nov 25, 2014",11/25/2014,8.5
350,Lucid Games,Geometry Wars 3: Dimensions,"360, Linux, Mac, PS3, PS4, Win, Xbox One",Sierra,"Nov 25, 2014",11/25/2014,8.0
351,Ubisoft Montreal,Far Cry 4,"360, PS3, PS4, Win, Xbox One",Ubisoft,"Nov 18, 2014",11/21/2014,9.0
352,P Studio,Persona Q: Shadow of the Labyrinth,3DS,Atlus,"Nov 25, 2014",11/20/2014,9.0
353,Game Freak,Pokémon Omega Ruby/Pokémon Alpha Sapphire,3DS,The Pokemon Company,"Nov 21, 2014",11/19/2014,8.0
354,Upper One Games,Never Alone,"PS4, Win, Xbox One",,,11/18/2014,7.0
355,Fatshark,Escape Dead Island,"360, PS3, Win",Deep Silver,"Nov 18, 2014",11/18/2014,2.0
356,Sumo Digital,LittleBigPlanet 3,"PS3, PS4",Sony Computer Entertainment,"Nov 18, 2014",11/18/2014,7.0
357,343 Industries,Halo: The Master Chief Collection,Xbox One,Microsoft Studios,"Nov 11, 2014",11/07/2014,8.0
358,Ubisoft Montreal,Assassin's Creed Unity,"PS4, Win, Xbox One",Ubisoft,"Nov 11, 2014",11/11/2014,6.5
359,BioWare,Dragon Age: Inquisition,"360, PS3, PS4, Win, Xbox One",Electronic Arts,"Nov 18, 2014",11/11/2014,9.5
360,Red Thread Games,Dreamfall Chapters: The Longest Journey,"Mac, Win",Red Thread Games,April 2014,11/06/2014,8.0
361,Sledgehammer Games,Call of Duty: Advanced Warfare,"360, PS3, PS4, Win, Xbox One",Activision,"Nov 4, 2014",11/03/2014,9.0
362,EA Tiburon,NBA Live 15,"PS4, Xbox One",EA Sports,"Oct 28, 2014",10/28/2014,6.0
363,Deck13 Interactive,Lords of the Fallen,"PS4, Win, Xbox One",Bandai Namco,"Oct 28, 2014",10/28/2014,7.5
364,Insomniac Games,Sunset Overdrive,Xbox One,Microsoft Studios,"Oct 28, 2014",10/27/2014,9.0
365,Firaxis Games,Sid Meier's Civilization: Beyond Earth,"Linux, Mac, Win",2K Games,,10/23/2014,9.0
366,PlatinumGames,The Legend of Korra,"360, PS3, PS4, Win, Xbox One",Activision,,10/22/2014,5.0
367,Visual Concepts,NBA 2K15,"360, PS3, PS4, Win, Xbox One",2K Sports,"Oct 7, 2014",10/21/2014,6.0
368,Harmonix Music Systems,Fantasia: Music Evolved,"360, Xbox One",Disney Interactive,"Oct 21, 2014",10/21/2014,7.0
369,Harmonix Music Systems,A City Sleeps,"Mac, Win",Harmonix Music Systems,"Oct 16, 2014",10/17/2014,6.0
370,Tango Gameworks,The Evil Within,"360, PS3, PS4, Win, Xbox One",Bethesda Softworks,"Oct 14, 2014",10/14/2014,6.5
371,2K Australia,Borderlands: The Pre-Sequel,"360, PS3, Win",2K Games,"Oct 14, 2014",10/13/2014,7.0
372,PlatinumGames,Bayonetta 2,"Nintendo Switch, Wii U",Nintendo,"Oct 24, 2014",10/13/2014,7.5
373,The Astronauts,The Vanishing of Ethan Carter,"PS4, Win",The Astronauts,"Sep 26, 2014",10/10/2014,9.0
374,Beenox,Skylanders Trap Team,"360, 3DS, PS3, PS4, Wii, Wii U, Xbox One",Activision,"Oct 5, 2014",10/08/2014,8.0
375,Ovosonico,Murasaki Baby,PS Vita,Sony Computer Entertainment,,10/08/2014,6.5
376,Double Fine Productions,Costume Quest 2,"360, Linux, Mac, PS3, PS4, Wii U, Win, Xbox One",Midnight City,,10/07/2014,6.0
377,EA Canada,FIFA 15,"360, 3DS, PS Vita, PS3, PS4, Wii, Win, Xbox One",EA Sports,"Sep 26, 2014",10/06/2014,8.0
378,The Creative Assembly,Alien: Isolation,"360, PS3, PS4, Win, Xbox One",Sega,"Oct 7, 2014",10/03/2014,6.5
379,Frogwares,Sherlock Holmes: Crimes & Punishments,"360, PS3, PS4, Win, Xbox One",Focus Home Interactive,"Sep 30, 2014",09/30/2014,8.0
380,,Disney Infinity 2.0,"360, PS3, PS4, Wii U, Win, Xbox One, iOS",Disney Interactive,,09/26/2014,8.0
381,,Dark Souls 2: Crown of the Old Iron King,,,,09/26/2014,8.0
382,Project Sora,Super Smash Bros. for Nintendo 3DS,3DS,Nintendo,"Oct 3, 2014",09/26/2014,9.0
383,Monolith Productions,Middle-earth: Shadow of Mordor,"360, PS3, PS4, Win, Xbox One",Warner Bros. Interactive Entertainment,"Sep 30, 2014",09/26/2014,9.5
384,No Goblin,Roundabout,"Linux, Mac, Win",No Goblin,"Sep 18, 2014",09/25/2014,7.5
385,Playground Games,Forza Horizon 2,"360, Xbox One",Microsoft Studios,"Sep 30, 2014",09/25/2014,7.0
386,Harmonix Music Systems,Dance Central Spotlight,Xbox One,Microsoft Studios,"Sep 2, 2014",09/23/2014,8.0
387,,D4,Xbox One,Microsoft Studios,,09/19/2014,7.0
388,Spike Chunsoft,Danganronpa 2: Goodbye Despair,PS Vita,NIS America,"Sep 2, 2014",09/18/2014,8.0
389,EA Canada,NHL 15,"360, PS3, PS4, Xbox One",EA Sports,"Sep 9, 2014",09/17/2014,5.5
390,Tecmo Koei Games,Hyrule Warriors,"3DS, Wii U",Nintendo,"Sep 26, 2014",09/17/2014,5.5
391,Square Enix Product Development Division 1,Theatrhythm Final Fantasy: Curtain Call,3DS,Square Enix,"Sep 14, 2014",09/16/2014,8.0
392,Maxis,The Sims 4,"Mac, Win",Electronic Arts,"Sep 2, 2014",09/10/2014,6.5
393,Mediatonic,Hatoful Boyfriend,"Mac, Win",Devolver Digital,,09/04/2014,8.0
394,Sucker Punch Productions,Infamous: First Light,PS4,Sony Computer Entertainment,"Aug 26, 2014",09/03/2014,8.0
395,Futurlab,Velocity 2X,"PS Vita, PS4",,"Sep 2, 2014",09/02/2014,9.0
396,EA Tiburon,Madden NFL 15,"360, PS3, PS4, Xbox One",EA Sports,"Aug 26, 2014",08/27/2014,9.0
397,Telltale Games,The Walking Dead Season Two: Episode 5,"360, Mac, PS Vita, PS3, Win, iOS",Telltale Games,,08/26/2014,7.0
398,Acquire,Akiba's Trip: Undead & Undressed,"PS Vita, PS3",Xseed Games,,08/25/2014,5.0
399,Namco Bandai,Tales of Xillia 2,PS3,Namco Bandai,"Aug 19, 2014",08/21/2014,6.0
400,Dynamighty ,CounterSpy,"PS Vita, PS3, PS4",,TBA,08/19/2014,5.0
401,Honeyslug,Hohokum,"PS Vita, PS3, PS4",SCE Santa Monica Studio,"Aug 12, 2014",08/13/2014,6.0
402,Bohemia Interactive,Arma 3,Win,Bohemia Interactive,"Sep 12, 2013",10/17/2013,8.0
403,Cellar Door Games,Rogue Legacy,"Linux, Mac, PS Vita, PS3, PS4, Win, Xbox One",Cellar Door Games,"Jun 27, 2013",07/03/2013,9.0
404,Digital Dreams,Metrico,PS Vita,,TBA,08/05/2014,5.0
405,Larian Studios,Divinity: Original Sin,"Mac, Win",Larian Studios,"Jun 30, 2014",07/31/2014,9.5
406,Telltale Games,The Walking Dead Season Two: Episode 4,"360, Mac, PS Vita, PS3, Win, iOS",Telltale Games,,07/22/2014,6.0
407,FromSoftware,Dark Souls 2: Crown of the Sunken King,"360, PS3, Win",Namco Bandai,"Jul 22, 2014",07/22/2014,8.5
408,Telltale Games,The Wolf Among Us Episode Five: Cry Wolf,"360, Mac, PS3, Win, iOS",Telltale Games,,07/15/2014,8.0
409,Ubisoft Montpellier,Valiant Hearts: The Great War,"360, PS3, PS4, Win, Xbox One",Ubisoft,"Jun 25, 2014",07/09/2014,8.0
410,Carbine Studios,WildStar,Win,NCsoft,"Jun 3, 2014",07/07/2014,7.0
411,Edge of Reality,Transformers: Rise of the Dark Spark,"360, 3DS, PS3, PS4, Wii U, Win, Xbox One",Activision,,07/03/2014,4.5
412,DrinkBox Studios,Guacamelee,"360, PS Vita, PS3, PS4, Wii U, Win, Xbox One",DrinkBox Studios,"Apr 9, 2013",04/09/2013,9.0
413,Gojira,Munin,"Linux, Mac, Win",Daedalic Entertainment,"Jun 10, 2014",06/30/2014,7.5
414,EA Canada,EA Sports UFC,"Android, PS4, Xbox One, iOS",EA Sports,,06/26/2014,5.0
415,Yacht Club Games,Shovel Knight,"3DS, Linux, Mac, Wii U, Win",Yacht Club Games,"Jun 26, 2014",06/26/2014,9.0
416,Mimimi Productions,The Last Tinker: City of Colors,"Linux, Mac, Win",Unity Games,"May 12, 2014",06/25/2014,7.0
417,8bits Fanatics,1001 Spikes,"360, 3DS, Mac, PS Vita, PS4, Wii U, Win",Nicalis,"Jun 3, 2014",06/24/2014,8.0
418,Nintendo SPD Group No. 1,Tomodachi Life,3DS,Nintendo,"Jun 6, 2014",06/06/2014,7.5
419,Vagabond Dog,Always Sometimes Monsters,Win,Devolver Digital,"May 21, 2014",06/05/2014,8.0
420,Intelligent Systems,Pushmo World,Wii U,Nintendo,"Jun 19, 2014",06/05/2014,9.0
421,Haemimont Games,Tropico 5,"360, Linux, Mac, PS4, Win",Kalypso Media,"May 23, 2014",06/04/2014,6.5
422,Airtight Games,Murdered: Soul Suspect,"360, PS3, PS4, Win, Xbox One",Square Enix,"Jun 3, 2014",06/03/2014,7.0
423,Telltale Games,The Wolf Among Us Episode Four: In Sheep's Clothing,"360, Mac, PS3, Win, iOS",Telltale Games,"May 27, 2014",05/30/2014,7.0
424,Krillbite Studio,Among the Sleep,"Linux, Mac, PS4, Win",Krillbite Studio,"May 29, 2014",05/29/2014,7.0
425,Ubisoft Montreal,Watch Dogs,"360, PS3, PS4, Wii U, Win, Xbox One",Ubisoft,"May 27, 2014",05/27/2014,8.0
426,Digital Happiness,DreadOut,Win,Digital Happiness,"May 15, 2014",05/21/2014,5.0
427,Supergiant Games,Transistor,"PS4, Win",Supergiant Games,"May 20, 2014",05/20/2014,8.5
428,Access Games,Drakengard 3,PS3,Square Enix,"May 20, 2014",05/20/2014,7.0
429,MachineGames,Wolfenstein: The New Order,"360, PS3, PS4, Win, Xbox One",Bethesda Softworks,"May 20, 2014",05/20/2014,9.0
430,Nintendo Entertainment Analysis and Development,Mario Kart 8,"Nintendo Switch, Wii U",Nintendo,"May 30, 2014",05/15/2014,9.0
431,Telltale Games,The Walking Dead Season Two: Episode 3,"360, Mac, PS Vita, PS3, Win, iOS",Telltale Games,,05/13/2014,8.5
432,Capybara Games,Super Time Force,"360, PS4, Xbox One",Capybara Games,"May 14, 2014",05/13/2014,8.5
433,SCE San Diego Studio,MLB 14 The Show,"PS Vita, PS3, PS4",Sony Computer Entertainment,"Apr 1, 2014",04/07/2014,8.5
434,Whole Hog Games,Full Bore: The First Dig,"Linux, Win",,"Sep 10, 2013",05/08/2014,7.5
435,Spiders,Bound by Flame,"360, PS3, PS4, Win",,"May 9, 2014",05/08/2014,4.0
436,Camouflaj,Republique Episode 2: Metamorphosis,iOS,Camouflaj,,05/07/2014,8.5
437,Die Gute Fabrik,Sportsfriends,"Linux, Mac, PS3, PS4, Win",Die Gute Fabrik,"May 6, 2014",05/06/2014,9.0
438,Square Enix,Final Fantasy 14: A Realm Reborn,"PS3, PS4, Win",Square Enix,"Aug 27, 2013",09/20/2013,9.0
439,Beenox,The Amazing Spider-Man 2,"360, 3DS, PS3, PS4, Wii U, Win, Xbox One",Activision,"Apr 29, 2014",05/01/2014,6.0
440,Square Enix Montreal,Hitman Go,"Android, iOS",Square Enix,"Apr 17, 2014",04/30/2014,8.0
441,Nintendo,NES Remix 2,Wii U,Nintendo,"Apr 25, 2014",04/29/2014,8.0
442,Zombie Studios,Daylight,"PS4, Win",Atlus,"Apr 24, 2014",04/29/2014,5.0
443,,Kirby Triple Deluxe,3DS,Nintendo,"May 2, 2014",04/28/2014,7.5
444,Ubisoft Montreal,Child of Light,"360, PS Vita, PS3, PS4, Wii U, Win, Xbox One",Ubisoft,"Apr 30, 2014",04/28/2014,6.5
445,Blizzard Entertainment,Hearthstone: Heroes of Warcraft,"Mac, Win, iOS",Blizzard Entertainment,"Mar 11, 2014",04/25/2014,10.0
446,Camelot Software Planning,Mario Golf: World Tour,3DS,Nintendo,"May 2, 2014",04/25/2014,8.0
447,ArenaNet,Guild Wars 2,Win,NCsoft,"Aug 22, 2012",09/05/2012,9.0
448,Phoenix Online Studios,Moebius: Empire Rising,"Android, Mac, Win, iOS",Phoenix Online Publishing,"Apr 16, 2014",04/24/2014,4.0
449,Phosfiend Systems,Fract OSC,"Mac, Win",Phosfiend Systems,"Apr 22, 2014",04/22/2014,7.0
450,Chucklefish Games,Starbound,"Linux, Mac, Ouya, Win",Chucklefish Games,TBA 2013,04/22/2014,9.0
451,Young Horses,Octodad: Dadliest Catch,"Linux, Mac, PS4, Win",Young Horses,"Jan 30, 2014",01/30/2014,8.0
452,Spike Chunsoft,Conception 2: Children of the Seven Stars,"3DS, PS Vita",Atlus,"Apr 15, 2014",04/18/2014,4.0
453,RedLynx,Trials Fusion,"360, PS4, Win, Xbox One",Ubisoft,"Apr 16, 2014",04/16/2014,6.5
454,Namco Tales Studio,Tales of Symphonia Chronicles,PS3,Namco Bandai,"Feb 25, 2014",04/14/2014,6.5
455,Telltale Games,The Wolf Among Us Episode Three: A Crooked Mile,"360, Mac, PS3, Win, iOS",Telltale Games,"Apr 8, 2014",04/11/2014,8.0
456,TT Games,Lego The Hobbit,"360, 3DS, Mac, PS Vita, PS3, PS4, Wii U, Win, Xbox One",Warner Bros. Interactive Entertainment,"Apr 8, 2014",04/11/2014,8.0
457,Tribute Games,Mercenary Kings,"Linux, Mac, Ouya, PS4, Win",Tribute Games,"Mar 25, 2014",04/09/2014,8.5
458,Rare,Kinect Sports Rivals,Xbox One,Microsoft Studios,"Apr 8, 2014",04/07/2014,6.0
459,Blizzard Entertainment,Diablo 3: Reaper of Souls,"360, Mac, PS3, PS4, Win, Xbox One",Blizzard Entertainment,"Mar 25, 2014",04/04/2014,9.5
460,Square Enix,Final Fantasy 10/10-2 HD Remaster,"PS Vita, PS3",Square Enix,"Mar 18, 2014",04/03/2014,8.0
461,Ustwo,Monument Valley,"Android, iOS",,"Apr 3, 2014",04/03/2014,9.0
462,Triumph Studios,Age of Wonders 3,Win,Triumph Studios,"Mar 31, 2014",04/01/2014,8.0
463,Shining Rock Software,Banished,Win,Shining Rock Software,"Feb 18, 2014",03/28/2014,7.5
464,Irrational Games,Bioshock Infinite Burial at Sea Episode Two,"360, PS3, Win",2K Games,"Mar 25, 2014",03/27/2014,7.0
465,MagicalTimeBean,Escape Goat 2,"Linux, Mac, Win",Double Fine Productions,"Mar 24, 2014",03/25/2014,8.0
466,Vlambeer,Luftrausers,"Linux, Mac, PS Vita, PS3, Win",Devolver Digital,"Mar 18, 2014",03/24/2014,8.0
467,Sucker Punch Productions,Infamous: Second Son,PS4,Sony Computer Entertainment,"Mar 21, 2014",03/20/2014,8.5
468,Kojima Productions,Metal Gear Solid 5: Ground Zeroes,"360, PS3, PS4, Xbox One",Konami,TBA,03/18/2014,5.5
469,Arzest Corporation,Yoshi's New Island,3DS,Nintendo,"Mar 14, 2014",03/13/2014,7.5
470,Respawn Entertainment,Titanfall,"360, Win, Xbox One",Electronic Arts,"Mar 11, 2014",03/10/2014,9.0
471,Matt Makes Games,TowerFall Ascension,"PS Vita, PS4, Win",Matt Makes Games,"Mar 11, 2014",03/07/2014,9.5
472,Bloober Team,Basement Crawl,PS4,Bloober Team,"Feb 25, 2014",03/06/2014,2.0
473,Telltale Games,The Walking Dead Season Two: Episode 2,"360, Mac, PS Vita, PS3, Win, iOS",Telltale Games,"Mar 4, 2014",03/04/2014,9.0
474,Obsidian Entertainment,South Park: The Stick of Truth,"360, PS3, Win",Ubisoft,"Mar 4, 2014",03/04/2014,8.5
475,MercurySteam Entertainment,Castlevania: Lords of Shadow 2,"360, PS3, Win",Konami Computer Entertainment Tokyo,"Feb 25, 2014",02/25/2014,5.0
476,PopCap Games,Plants vs. Zombies: Garden Warfare,"360, PS3, PS4, Win, Xbox One",PopCap Games,"Feb 25, 2014",02/25/2014,8.5
477,Spike,Danganronpa: Trigger Happy Havoc,PS Vita,NIS America,"Feb 11, 2014",02/24/2014,8.0
478,Eidos Montreal,Thief,"360, PS3, PS4, Win, Xbox One",Square Enix,2014,02/24/2014,6.0
479,Sandlot,Earth Defense Force 2025,"360, PS3",D3 Publisher,"Feb 18, 2014",02/18/2014,7.5
480,Double Helix Games,Strider (2014),"360, PS3, PS4, Win, Xbox One",Capcom,"Feb 18, 2014",02/18/2014,8.5
481,Retro Studios,Donkey Kong Country: Tropical Freeze,Wii U,Nintendo,"Feb 21, 2014",02/17/2014,8.5
482,Naughty Dog,The Last of Us: Left Behind,PS3,Sony Computer Entertainment,"Feb 14, 2014",02/14/2014,8.0
483,Lionhead Studios,Fable Anniversary,"360, Win",Microsoft Studios,"Feb 4, 2014",02/12/2014,5.0
484,Ragequit Corporation,Strike Vector,Win,Ragequit Corporation,"Jan 28, 2014",02/12/2014,7.0
485,Square Enix Product Development Division 1,Lightning Returns: Final Fantasy 13,"360, PS3",Square Enix,2013,02/11/2014,5.5
486,Minicore Studios,The Sun at Night,Win,,"Feb 4, 2014",02/10/2014,7.0
487,Necrophone Games,Jazzpunk,"Linux, Mac, Win",Adult Swim Games,"Feb 7, 2014",02/06/2014,8.0
488,Telltale Games,The Wolf Among Us Episode Two: Smoke and Mirrors,"360, Mac, PS3, Win",Telltale Games,"Feb 4, 2014",02/04/2014,8.5
489,Jason Rohrer,The Castle Doctrine,"Linux, Mac, Win",Jason Rohrer,"Jan 29, 2014",01/31/2014,5.0
490,Silicon Studio,Bravely Default,3DS,Square Enix,"Feb 7, 2014",01/30/2014,8.0
491,Compile Heart,Sorcery Saga: Curse of the Great Curry God,PS Vita,Aksys Games,"Dec 10, 2013",01/23/2014,5.0
492,Roll7,OlliOlli,"Linux, Mac, PS Vita, PS3, PS4, Win",Roll7,"Jan 21, 2014",01/21/2014,8.5
493,Messhof,Nidhogg,"Mac, Win",,"Jan 13, 2014",01/17/2014,8.0
494,Klei Entertainment,Don't Starve,"Linux, Mac, PS4, Win",Klei Entertainment,"Apr 23, 2013",06/26/2013,8.5
495,Stoic,The Banner Saga,"Linux, Mac, PSN, Win, XBLA, iOS",Stoic,"Jan 14, 2014",01/14/2014,8.0
496,Nintendo SPD Group No. 1,Dr. Luigi,Wii U,Nintendo,"Dec 31, 2013",01/13/2014,7.0
497,Neverland Co.,Rune Factory 4,3DS,Xseed Games,Summer 2013,01/10/2014,8.0
498,Visual Concepts,NBA 2K14,"360, PS3, PS4, Win, Xbox One",2K Sports,"Oct 1, 2013",10/01/2013,5.0
499,Nihon Falcom Corp.,Ys: Memories of Celceta,PS Vita,Xseed Games,"Nov 26, 2013",01/09/2014,8.5
500,Digital Extremes,Warframe,"PS4, Win, Xbox One",Digital Extremes,"Mar 25, 2013",01/08/2014,5.0
501,Nd Cube,Mario Party: Island Tour,3DS,Nintendo,"Nov 22, 2013",01/07/2014,5.0
502,Wargaming.net,World of Warplanes,Win,Wargaming.net,"Nov 13, 2013",01/03/2014,5.0
503,Vanguard Games,Halo: Spartan Assault,"360, Win, Windows Phone 8, Windows RT, Xbox One",Microsoft Studios,"Jul 18, 2013",01/02/2014,4.0
504,Press Play,Max: The Curse of Brotherhood,"360, Win, Xbox One",Microsoft Studios,"Dec 20, 2013",12/31/2013,6.0
505,Hopoo Games,Risk of Rain,"PS Vita, Win",Chucklefish Games,,12/24/2013,8.5
506,Nintendo,NES Remix,Wii U,Nintendo,"Dec 18, 2013",12/23/2013,8.0
507,Nintendo EAD Group No. 5,Wii Fit U,Wii U,Nintendo,"Nov 1, 2013",12/20/2013,4.5
508,Camouflaj,Republique Episode 1: Exordium,iOS,Camouflaj,"Dec 19, 2013",12/19/2013,8.0
509,Telltale Games,The Walking Dead Season Two: Episode 1,"360, Mac, PS Vita, PS3, Win, iOS",Telltale Games,"Dec 17, 2013",12/17/2013,7.0
510,Teknopants,Samurai Gunn,"PS Vita, PS4, Win",Maxistentialism,"Dec 10, 2013",12/13/2013,6.5
511,HumaNature Studios,Doki-Doki Universe,"PS Vita, PS3, PS4",,"Dec 10, 2013",12/12/2013,8.5
512,The Tiniest Shark,Redshirt,"Linux, Mac, Win",Positech Games,"Nov 13, 2013",12/12/2013,8.0
513,Kent Hudson,The Novelist,"Mac, Win",Kent Hudson,"Dec 10, 2013",12/11/2013,7.5
514,Double Helix Games,Killer Instinct (2013),Xbox One,Microsoft Studios,"Nov 22, 2013",12/10/2013,7.0
515,PopCap Games,Peggle 2,"360, Xbox One",PopCap Games,"Dec 9, 2013",12/09/2013,8.0
516,Polyphony Digital,Gran Turismo 6,PS3,Sony Computer Entertainment,"Dec 5, 2013",12/06/2013,9.0
517,Spearhead Games,Tiny Brains,"360, PS3, PS4, Win",505 Games,"Dec 3, 2013",12/03/2013,5.0
518,EA Digital Illusions CE,Battlefield 4,"360, PS3, PS4, Win, Xbox One",Electronic Arts,"Oct 29, 2013",10/29/2013,4.0
519,Warner Bros. Games Montreal,Batman: Arkham Origins,"360, PS3, Wii U, Win",Warner Bros. Interactive Entertainment,"Oct 25, 2013",10/25/2013,7.0
520,Zoe Mode,Powerstar Golf,Xbox One,Microsoft Studios,"Nov 22, 2013",11/26/2013,7.0
521,Daoka,Fighter Within,Xbox One,Ubisoft,"Nov 22, 2013",11/26/2013,2.0
522,Ubisoft Montreal,Assassin's Creed 4: Black Flag,"360, PS3, PS4, Wii U, Win, Xbox One",Ubisoft,TBA,10/29/2013,7.5
523,Twisted Pixel Games,LocoCycle,"360, Win, Xbox One",Microsoft Studios,"Feb 14, 2014",11/20/2013,4.0
524,Crytek,Ryse: Son of Rome,Xbox One,Microsoft Studios,,11/21/2013,6.0
525,Media Molecule,Tearaway,PS Vita,Sony Computer Entertainment,"Nov 22, 2013",11/20/2013,9.5
526,Turn 10 Studios,Forza Motorsport 5,Xbox One,Microsoft Studios,"Nov 22, 2013",11/20/2013,9.0
527,Ghost Games,Need for Speed Rivals,"360, PS3, PS4, Win, Xbox One",Electronic Arts,"Nov 19, 2013",11/18/2013,8.5
528,Nintendo Entertainment Analysis and Development,Super Mario 3D World,Wii U,Nintendo,"Nov 22, 2013",11/19/2013,9.0
529,Land Ho!,Crimson Dragon,Xbox One,Microsoft Studios,,11/18/2013,4.0
530,Frontier Developments,Zoo Tycoon,"360, Xbox One",Microsoft Studios,,11/18/2013,8.0
531,Capcom Vancouver,Dead Rising 3,"Win, Xbox One",Microsoft Studios,"Nov 22, 2013",11/18/2013,7.5
532,Nintendo Entertainment Analysis and Development,The Legend of Zelda: A Link Between Worlds,3DS,Nintendo,"Nov 22, 2013",11/15/2013,9.5
533,,Knack,PS4,Sony Computer Entertainment,,11/13/2013,6.0
534,Housemarque,Resogun,"PS Vita, PS3, PS4",Sony Computer Entertainment,,11/13/2013,8.5
535,Compulsion Games,Contrast,"360, PS3, PS4, Win",Compulsion Games,,11/13/2013,4.5
536,Guerrilla Games,Killzone: Shadow Fall,PS4,Sony Computer Entertainment,TBA,11/13/2013,5.0
537,Insomniac Games,Ratchet and Clank: Into the Nexus,PS3,Sony Computer Entertainment,"Nov 12, 2013",11/12/2013,8.5
538,Infinity Ward,Call of Duty: Ghosts,"360, PS3, PS4, Wii U, Win, Xbox One",Activision,"Nov 5, 2013",11/05/2013,7.0
539,Irrational Games,Bioshock Infinite Burial at Sea Episode One,"360, PS3, Win",2K Games,"Nov 12, 2013",11/11/2013,7.0
540,Sega Sports R&D,Mario & Sonic at the Sochi 2014 Olympic Winter Games,Wii U,Sega,"Nov 15, 2013",11/05/2013,6.0
541,Nippon Ichi Software,Disgaea D2: A Brighter Darkness,PS3,NIS America,"Oct 8, 2013",11/01/2013,6.5
542,Yuke's,WWE 2K14,"360, PS3",2K Sports,"Oct 29, 2013",10/28/2013,8.0
543,Armature Studio,Batman: Arkham Origins Blackgate,"360, 3DS, PS Vita, PS3, Wii U, Win",Warner Bros. Interactive Entertainment,"Oct 25, 2013",10/25/2013,8.0
544,Capcom,Phoenix Wright: Ace Attorney - Dual Destinies,3DS,Capcom,"Oct 24, 2013",10/24/2013,8.0
545,TT Games,Lego Marvel Super Heroes,"360, 3DS, DS, PS Vita, PS3, PS4, Wii U, Win, Xbox One",Warner Bros. Interactive Entertainment,"Oct 22, 2013",10/22/2013,8.5
546,Vicarious Visions,Skylanders Swap Force,"360, 3DS, PS3, PS4, Wii, Wii U, Xbox One",Activision,Fall 2013,10/18/2013,7.5
547,Eidos Montreal,Deus Ex: Human Revolution Director's Cut,"360, Mac, PS3, Wii U, Win",Square Enix,"Oct 22, 2013",10/18/2013,9.0
548,Sonic Team,Sonic: Lost World (Wii U),Wii U,Sega,"Oct 29, 2013",10/18/2013,6.0
549,Dimps Corporation,Sonic: Lost World (3DS),3DS,Sega,"Oct 29, 2013",10/18/2013,4.0
550,Galactic Cafe,The Stanley Parable (2013),"Mac, Win",Galactic Cafe,"Oct 17, 2013",10/17/2013,9.0
551,Minor Key Games,Eldritch,Win,,"Oct 21, 2013",10/14/2013,9.0
552,Game Freak,Pokémon X/Pokémon Y,3DS,Nintendo,"Oct 12, 2013",10/04/2013,9.5
553,Mastertronic,Montague's Mount,"Linux, Mac, Win",PolyPusher Studios,"Oct 9, 2013",10/10/2013,3.5
554,Telltale Games,The Wolf Among Us Episode One: Faith,"360, Mac, PS3, Win",Telltale Games,"Oct 11, 2013",10/10/2013,8.0
555,Flying Wild Hog,Shadow Warrior (2013),Win,Devolver Digital,"Sep 26, 2013",10/09/2013,6.5
556,Quantic Dream,Beyond: Two Souls,PS3,Sony Computer Entertainment,"Oct 8, 2013",10/08/2013,8.0
557,SCE Japan Studio,Rain,PS3,Sony Computer Entertainment,"Oct 1, 2013",10/01/2013,8.5
558,5th Cell Media,Scribblenauts Unmasked: A DC Comics Adventure,"3DS, Wii U, Win",Warner Bros. Interactive Entertainment,"Sep 24, 2013",09/30/2013,8.0
559,ZootFly,Marlow Briggs and the Mask of Death,"360, Win",505 Games,"Sep 20, 2013",09/27/2013,7.0
560,Atlus,Etrian Odyssey Untold: Millennium Girl,3DS,Atlus,"Oct 1, 2013",09/26/2013,6.0
561,EA Canada,FIFA 14,"360, PS Vita, PS3, PS4, Win, Xbox One",EA Sports,"Sep 24, 2013",09/24/2013,8.0
562,Mediatonic,Foul Play,"360, Linux, Mac, PS Vita, PS4, Win",Devolver Digital,"Sep 18, 2013",09/24/2013,7.5
563,Blizzard Entertainment,Diablo 3,"360, Mac, PS3, PS4, Win",Activision Blizzard,"May 15, 2012",05/24/2012,10.0
564,Nintendo Entertainment Analysis and Development,The Legend of Zelda: The Wind Waker HD,Wii U,Nintendo,"Sep 20, 2013",09/18/2013,9.0
565,Interceptor Entertainment,Rise of the Triad (2013),Win,Apogee Software,"Jul 31, 2013",09/11/2013,7.0
566,SCE Japan Studio,Puppeteer,PS3,Sony Computer Entertainment,"Sep 10, 2013",09/10/2013,6.0
567,Namco Tales Studio,Tales of Xillia,PS3,Namco Bandai,"Aug 6, 2013",09/09/2013,7.0
568,Rockstar North,Grand Theft Auto 5,"360, PS3, PS4, Win, Xbox One",Rockstar Games,"Sep 17, 2013",09/16/2013,9.5
569,PlatinumGames,The Wonderful 101,Wii U,Nintendo,"Sep 15, 2013",09/10/2013,6.0
570,The Chinese Room,Amnesia: A Machine for Pigs,"Linux, Mac, Win",Frictional Games,"Sep 10, 2013",09/09/2013,8.0
571,Daedalic Entertainment,Memoria,"Mac, Win",Daedalic Entertainment,"Aug 30, 2013",09/05/2013,8.0
572,Red Fly Studio,Teenage Mutant Ninja Turtles: Out of the Shadows,"PSN, Win, XBLA",Activision,"Aug 28, 2013",09/04/2013,1.0
573,Guerrilla Cambridge,Killzone: Mercenary,PS Vita,Sony Computer Entertainment,"Sep 10, 2013",09/04/2013,6.0
574,Red Barrels Games,Outlast,"PS4, Win, Xbox One",Red Barrels Games,"Sep 3, 2013",09/04/2013,7.5
575,Sega Studios Australia,Castle of Illusion Starring Mickey Mouse,"360, PS3, Sega Game Gear, Sega Genesis, Win, iOS",Sega,"Sep 3, 2013",09/03/2013,7.0
576,Spark Unlimited,Lost Planet 3,"360, PS3, Win",Capcom,"Aug 27, 2013",08/27/2013,7.0
577,Grasshopper Manufacture,Killer is Dead,"360, PS3, Win",Xseed Games,Summer 2013,08/27/2013,4.5
578,Ubisoft Montpellier,Rayman Legends,"360, PS Vita, PS3, PS4, Wii U, Win, Xbox One",Ubisoft,"Sep 3, 2013",08/26/2013,8.5
579,EA Tiburon,Madden NFL 25,"360, PS3, PS4, Xbox One",EA Sports,"Aug 27, 2013",08/23/2013,8.5
580,VectorCell,Flashback,"360, PS3, Win",Ubisoft,"Aug 21, 2013",08/21/2013,5.0
581,2K Marin,The Bureau: XCOM Declassified,"360, Mac, PS3, Win",2K Games,"Aug 20, 2013",08/19/2013,7.0
582,Avalanche Software,Disney Infinity,"360, 3DS, PS3, Wii, Wii U, Win",Disney Interactive,June 2013,08/18/2013,8.0
583,Overkill Software,Payday 2,"360, PS3, Win",505 Games,"Aug 13, 2013",08/16/2013,7.5
584,Ska Studios,Charlie Murder,360,Microsoft Studios,Summer 2013,08/16/2013,7.5
585,The Fullbright Company,Gone Home,"Linux, Mac, Win",The Fullbright Company,"Aug 15, 2013",08/15/2013,10.0
586,Volition,Saints Row 4,"360, PS3, Win",Deep Silver,"Aug 20, 2013",08/14/2013,9.0
587,Ubisoft Toronto,Tom Clancy's Splinter Cell: Blacklist,"360, PS3, Wii U, Win",Ubisoft,"Aug 20, 2013",08/14/2013,8.5
588,WayForward Technologies,DuckTales Remastered,"360, PS3, Wii U, Win",Capcom,Summer 2013,08/12/2013,5.0
589,Lucas Pope,"Papers, Please","Mac, Win",,"Aug 8, 2013",08/09/2013,8.0
590,AlphaDream,Mario & Luigi: Dream Team,3DS,Nintendo,"Aug 11, 2013",08/07/2013,8.0
591,Starbreeze Studios,Brothers: A Tale of Two Sons,"360, PS3, Win",505 Games,"Sep 3, 2013",08/06/2013,9.0
592,Level-5,Attack of the Friday Monsters! A Tokyo Tale,3DS,Level-5,TBA,08/01/2013,8.0
593,Nintendo Entertainment Analysis and Development,Pikmin 3,Wii U,Nintendo,"Aug 4, 2013",07/31/2013,8.0
594,Vanillaware,Dragon's Crown,"PS Vita, PS3",Atlus,"Aug 6, 2013",07/31/2013,6.5
595,Harebrained Schemes,Shadowrun Returns,"Android, Linux, Mac, Win, iOS",Harebrained Schemes,"Jul 25, 2013",07/25/2013,7.0
596,N-Fusion Interactive,Deus Ex: The Fall,"Android, Win, iOS",Square Enix,Summer 2013,07/22/2013,7.5
597,imageepoch,Time and Eternity,PS3,NIS America,"Jul 16, 2013",07/19/2013,3.0
598,Cryptic Studios,Neverwinter,Win,Perfect World Entertainment,"Jun 20, 2013",07/16/2013,8.0
599,Dennaton Games,Hotline Miami,"Linux, Mac, PS Vita, PS3, PS4, Win",Devolver Digital,"Oct 23, 2012",10/25/2012,8.5
600,Realmforge Studios,Dark,"360, Win",Kalypso Media,"Jul 4, 2013",07/15/2013,3.0
601,EA Tiburon,NCAA Football 14,"360, PS3",EA Sports,"Jul 9, 2013",07/12/2013,8.0
602,Relic Entertainment,Company of Heroes 2,Win,Sega,"Jun 25, 2013",07/11/2013,7.0
603,Atlus,Shin Megami Tensei 4,3DS,Atlus,Summer 2013,07/11/2013,8.0
604,Nintendo EAD Group No. 4,New Super Luigi U,"Wii U, Wii U eShop",Nintendo,"Jun 20, 2013",06/25/2013,7.0
605,Facepalm Games,The Swapper,"PS Vita, PS3, PS4, Win",Facepalm Games,"May 30, 2013",06/25/2013,9.0
606,High Moon Studios,Deadpool,"360, PS3, Win",Activision,"Jun 25, 2013",06/25/2013,7.0
607,Neocore Games,The Incredible Adventures of Van Helsing,"Win, XBLA",Neocore Games,"May 22, 2013",06/19/2013,6.0
608,Zen Studios,CastleStorm,"360, PS Vita, PS3, Wii U, Win",Microsoft Studios,"May 29, 2013",06/19/2013,7.5
609,Suspicious Developments,Gunpoint,"Linux, Mac, Win",Suspicious Developments,"Jun 3, 2013",06/18/2013,9.0
610,ACE Team,Zeno Clash 2,"360, PS3, Win",Atlus,"Apr 30, 2013",06/07/2013,6.0
611,Naughty Dog,The Last of Us,"PS3, PS4",Sony Computer Entertainment,"Jun 14, 2013",06/05/2013,8.0
612,Nintendo Entertainment Analysis and Development,Animal Crossing: New Leaf,3DS,Nintendo,"Jun 9, 2013",06/04/2013,9.0
613,Dontnod Entertainment,Remember Me,"360, PS3, Win",Capcom,"Jun 4, 2013",06/03/2013,8.0
614,Techland,Call of Juarez: Gunslinger,"360, PSN, Win",Ubisoft,"May 22, 2013",05/29/2013,9.0
615,Daedalic Entertainment,The Night of the Rabbit,"Mac, Win",Daedalic Entertainment,"May 29, 2013",05/28/2013,8.0
616,Insomniac Games,Fuse,"360, PS3",Electronic Arts,"May 28, 2013",05/28/2013,6.5
617,Capcom,Resident Evil: Revelations,"360, 3DS, PS3, Wii U, Win",Capcom,"May 21, 2013",05/24/2013,7.5
618,Access Games,Deadly Premonition: The Director's Cut,"PS3, Win",Rising Star Games,"Apr 30, 2013",05/20/2013,6.5
619,Retro Studios,Donkey Kong Country Returns,"3DS, Wii",Nintendo,"Nov 21, 2010",05/17/2013,9.0
620,Nintendo,Pandora's Tower,Wii,Xseed Games,"Apr 16, 2013",05/16/2013,5.5
621,4A Games,Metro: Last Light,"360, Linux, Mac, PS3, Win",Deep Silver,"May 14, 2013",05/13/2013,8.5
622,Nintendo Software Technology,Mario and Donkey Kong: Minis on the Move,3DS eShop,Nintendo,"May 9, 2013",05/08/2013,9.0
623,Zero Sum Games,StarDrive,Win,Iceberg Interactive,"Apr 26, 2013",05/07/2013,4.0
624,Minority Media,Papo & Yo,"PSN, Win",Sony Computer Entertainment,"Aug 14, 2012",08/15/2012,6.5
625,Telltale Games,Poker Night 2,"Mac, PSN, Win, XBLA, iOS",Telltale Games,"Apr 24, 2013",05/02/2013,6.5
626,Mike Bithell,Thomas Was Alone,"Linux, Mac, PSN, Win",Curve Studios,"Apr 23, 2013",05/01/2013,8.5
627,Ubisoft Montreal,Far Cry 3: Blood Dragon,"360, PSN, Win",Ubisoft,"May 1, 2013",04/30/2013,8.0
628,Marvelous AQL,Soul Sacrifice,PS Vita,Sony Computer Entertainment,"Apr 30, 2013",04/30/2013,6.5
629,Trion Worlds,Defiance,"360, PS3, Win",Syfy Games,"Apr 2, 2013",04/16/2013,6.5
630,Digital Extremes,Star Trek,"360, PS3, Win",Namco Bandai,"Apr 23, 2013",04/25/2013,3.0
631,Pocketwatch Games,Monaco: What's Yours is Mine,"Linux, Mac, Win, XBLA",Pocketwatch Games,"Apr 24, 2013",04/24/2013,7.0
632,Capcom,Dragon's Dogma: Dark Arisen,"360, PS3",Capcom,"Apr 23, 2013",04/23/2013,5.0
633,Techland,Dead Island: Riptide,"360, PS3, Win",Deep Silver,"Apr 23, 2013",04/22/2013,5.5
634,Re-Logic,Terraria,"360, Android, PS Vita, PS3, PS4, Win, Windows RT, XBLA, Xbox One, iOS",Re-Logic,"May 16, 2011",04/18/2013,6.5
635,Atlus,Shin Megami Tensei: Devil Summoner Soul Hackers,3DS,Atlus,"Apr 16, 2013",04/16/2013,7.5
636,Enigma Software,Alien Spidy,"360, Mac, PS Vita, Win",Kalypso Media,"Mar 20, 2013",04/10/2013,6.0
637,CI Games,Sniper: Ghost Warrior 2,"360, PS3, Win",CI Games,"Mar 12, 2013",04/04/2013,5.0
638,The Behemoth,BattleBlock Theater,"360, Linux, Win",Microsoft Studios,"Apr 3, 2013",04/03/2013,8.5
639,Visceral Games,Army of Two: The Devil's Cartel,"360, PS3",Electronic Arts,"Mar 26, 2013",04/03/2013,5.0
640,Maxis,SimCity (2013),"Mac, Win",Electronic Arts,"Mar 5, 2013",03/04/2013,6.5
641,Irrational Games,BioShock Infinite,"360, Mac, PS3, Win",2K Games,"Mar 26, 2013",03/25/2013,10.0
642,Next Level Games,Luigi's Mansion: Dark Moon,3DS,Nintendo,"Mar 24, 2013",03/21/2013,7.0
643,Capcom,Monster Hunter 3 Ultimate,"3DS, Wii U",Capcom,"Mar 19, 2013",03/20/2013,7.5
644,Terminal Reality,The Walking Dead: Survival Instinct,"360, PS3, Wii U, Win",Activision,"Mar 19, 2013",03/19/2013,3.0
645,People Can Fly,Gears of War: Judgment,360,Microsoft Game Studios,"Mar 19, 2013",03/18/2013,8.0
646,Analgesic Productions,Anodyne,"Linux, Mac, Win",Analgesic Productions,"Feb 4, 2013",03/18/2013,8.0
647,SCE San Diego Studio,MLB 13 The Show,"PS Vita, PS3",Sony Computer Entertainment,"Mar 5, 2013",03/15/2013,8.5
648,Atlus,Etrian Odyssey 4: Legends of the Titan,3DS,Atlus,"Feb 26, 2013",03/15/2013,7.5
649,TT Fusion,Lego City Undercover,"Nintendo Switch, Wii U",Nintendo,"Mar 18, 2013",03/14/2013,7.0
650,MercurySteam Entertainment,Castlevania: Lords of Shadow - Mirror of Fate,"360, 3DS, PS3, Win",Konami,"Mar 5, 2013",03/13/2013,5.0
651,SCE Santa Monica Studio,God of War: Ascension,PS3,Sony Computer Entertainment,"Mar 12, 2013",03/07/2013,7.0
652,Gaijin Games,Bit.Trip Presents Runner 2: Future Legend of Rhythm Alien,"360, Linux, Mac, PS3, Wii U eShop, Win",Gaijin Games,"Feb 26, 2013",02/28/2013,8.5
653,Tecmo Koei Games,Fist of the North Star: Ken's Rage 2,"360, PSN, Wii U eShop",Tecmo Koei Games,"Feb 5, 2013",02/27/2013,5.0
654,Crystal Dynamics,Tomb Raider (2013),"360, Mac, PS3, PS4, Win, Xbox One",Square Enix,"Mar 5, 2013",02/25/2013,9.0
655,Crytek,Crysis 3,"360, PS3, Win",Electronic Arts,"Feb 19, 2013",02/19/2013,7.0
656,PlatinumGames,Metal Gear Rising: Revengeance,"360, PS3, Win",Konami,"Feb 19, 2013",02/19/2013,9.0
657,FuRyu,Unchained Blades,"3DS, PSN",Xseed Games,"Jan 3, 2013",02/15/2013,6.0
658,Gearbox Software,Aliens: Colonial Marines,"360, PS3, Win",Sega,"Feb 12, 2013",02/12/2013,3.0
659,Visceral Games,Dead Space 3,"360, PS3, Win",Electronic Arts,"Feb 5, 2013",02/05/2013,9.5
660,Sanzaru Games,Sly Cooper: Thieves in Time,"PS Vita, PS3",Sony Computer Entertainment,"Feb 5, 2013",02/05/2013,6.0
661,Born Ready Games,Strike Suit Zero,Win,Born Ready Games,"Jan 24, 2013",02/01/2013,6.5
662,Alexander Bruce,Antichamber,"Linux, Mac, Win",Demruth,"Jan 31, 2013",01/31/2013,9.0
663,Intelligent Systems,Fire Emblem: Awakening,3DS,Nintendo,"Feb 4, 2013",01/30/2013,8.5
664,17-Bit,Skulls of the Shogun,"Win, Windows Phone, Windows RT, XBLA, iOS",Microsoft Studios,"Jan 30, 2013",01/30/2013,8.0
665,United Front Games,LittleBigPlanet Karting,PS3,Sony Computer Entertainment,"Nov 6, 2012",01/25/2013,7.0
666,Sandlot,Earth Defense Force 2017,"360, PS Vita",D3 Publisher,"Jan 8, 2013",01/24/2013,7.0
667,Level-5,Ni no Kuni: Wrath of the White Witch,PS3,Namco Bandai,"Jan 22, 2013",01/24/2013,6.5
668,Double Fine Productions,The Cave,"360, Android, Linux, Mac, PS3, Wii U, Win, iOS",Sega,"Jan 23, 2013",01/22/2013,6.0
669,PlatinumGames,Anarchy Reigns,"360, PS3",Sega,"Jan 8, 2013",01/14/2013,7.0
670,Ninja Theory Limited,DmC: Devil May Cry,"360, PS3, PS4, Win, Xbox One",Capcom,"Jan 15, 2013",01/14/2013,8.0
671,nStigate Games,Call of Duty: Black Ops Declassified,PS Vita,Activision,"Nov 13, 2012",01/09/2013,2.0
672,Grasshopper Manufacture,Black Knight Sword,"360, PSN",Reverb Communications,"Dec 12, 2012",01/08/2013,6.0
673,Heavy Iron Studios,Family Guy: Back to the Multiverse,"360, PS3",Activision,"Nov 20, 2012",01/02/2013,3.0
674,Agatsuma Entertainment,Code of Princess,3DS,Atlus,"Oct 9, 2012",12/19/2012,3.0
675,Namco Bandai,Tank! Tank! Tank!,Wii U,Namco Bandai,"Nov 18, 2012",12/18/2012,3.5
676,WayForward Technologies,Adventure Time: Hey Ice King! Why'd You Steal Our Garbage?!,"3DS, DS",D3 Publisher,"Nov 20, 2012",12/14/2012,6.0
677,Atlus,Persona 4: Golden,PS Vita,Atlus,"Nov 20, 2012",12/11/2012,10.0
678,Insomniac Games,Ratchet and Clank: Full Frontal Assault,"PS Vita, PS3",Sony Computer Entertainment,"Nov 27, 2012",12/04/2012,6.0
679,Sumo Digital,Sonic & All-Stars Racing Transformed,"360, 3DS, Android, PS Vita, PS3, Wii U, Win, iOS",Sega,"Nov 14, 2012",12/04/2012,8.5
680,Traveller's Tales,Lego: the Lord of the Rings,"360, 3DS, DS, PS Vita, PS3, Wii, Win",Warner Bros. Interactive Entertainment,"Oct 30, 2012",11/30/2012,8.0
681,WayForward Technologies,Silent Hill: Book of Memories,PS Vita,Konami Digital Entertainment,"Oct 16, 2012",11/23/2012,4.0
682,5th Cell Media,Scribblenauts Unlimited,"3DS, Wii U, Win",Warner Bros. Games,"Nov 13, 2012",11/22/2012,6.0
683,Ubisoft Montreal,Far Cry 3,"360, PS3, Win",Ubisoft,"Dec 4, 2012",11/21/2012,9.0
684,DreamRift,Epic Mickey: Power of Illusion,3DS,Disney Interactive,"Nov 18, 2012",11/19/2012,6.0
685,Telltale Games,The Walking Dead: Episode 5,"Mac, PSN, Win, XBLA, iOS",Telltale Games,"Nov 20, 2012",11/20/2012,9.0
686,IO Interactive,Hitman: Absolution,"360, PS3, Win",Square Enix,"Nov 20, 2012",11/18/2012,8.5
687,Ubisoft Montpellier,ZombiU,Wii U,Ubisoft,"Nov 18, 2012",11/18/2012,8.0
688,Yuke's,WWE '13,"360, PS3, Wii",THQ,"Oct 30, 2012",11/16/2012,8.0
689,Nintendo,New Super Mario Bros. U,Wii U,Nintendo,"Nov 18, 2012",11/15/2012,8.5
690,Nintendo Entertainment Analysis and Development,Nintendo Land,Wii U,Nintendo,"Nov 18, 2012",11/15/2012,8.0
691,Treyarch,Call of Duty: Black Ops 2,"360, PS3, Wii U, Win",Activision,"Nov 13, 2012",11/13/2012,8.0
692,Cauldron,Cabela's Dangerous Hunts 2013,"360, PS3, Wii, Wii U, Win",Activision,"Oct 23, 2012",11/12/2012,6.5
693,Rovio Entertainment,Angry Birds Star Wars,"360, 3DS, Android, Facebook, Mac, PS Vita, PS3, PS4, Wii, Wii U, Win, Xbox One, iOS",Rovio Entertainment,"Nov 8, 2012",11/08/2012,8.5
694,Intelligent Systems,Paper Mario: Sticker Star,3DS,Nintendo,"Nov 11, 2012",11/06/2012,7.5
695,Criterion Games,Need for Speed Most Wanted (2012),"360, Android, PS Vita, PS3, Wii U, Win, iOS",Electronic Arts,"Oct 30, 2012",10/30/2012,8.5
696,343 Industries,Halo 4,360,Microsoft Game Studios,"Nov 6, 2012",11/01/2012,9.5
697,Ubisoft Sofia,Assassin's Creed 3: Liberation,"360, PS Vita, PS3, Win",Ubisoft,"Oct 30, 2012",10/31/2012,6.0
698,Ubisoft Montreal,Assassin's Creed 3,"360, PS3, Wii U, Win",Ubisoft,"Oct 30, 2012",10/30/2012,8.0
699,Toys for Bob,Skylanders Giants,"360, 3DS, PS3, Wii, Wii U",Activision,"Oct 21, 2012",10/26/2012,8.0
700,Danger Close,Medal of Honor Warfighter,"360, PS3, Win",Electronic Arts,"Oct 23, 2012",10/24/2012,4.5
701,Eurocom,007 Legends,"360, PS3, Wii U, Win",Activision,"Oct 16, 2012",10/25/2012,4.0
702,CD Projekt Red,The Witcher 2: Assassins of Kings (Enhanced Edition),360,Atari Interactive,"May 17, 2011",10/24/2012,7.0
703,Ubisoft Paris,Tom Clancy's Ghost Recon: Future Soldier,"360, PS3, Win",Ubisoft,"May 22, 2012",10/24/2012,7.0
704,LightBox Interactive,Starhawk,PS3,Sony Computer Entertainment,"May 8, 2012",10/24/2012,6.5
705,AQ Interactive,New Little King's Story,PS Vita,Konami Digital Entertainment,"Oct 2, 2012",10/24/2012,6.5
706,Telltale Games,The Walking Dead: Episode 4,"Mac, PSN, Win, XBLA, iOS",Telltale Games,"Oct 10, 2012",10/17/2012,8.5
707,Team17,Worms: Revolution,"360, PS Vita, PS3, Win",Team17,"Oct 10, 2012",10/16/2012,5.0
708,Harmonix Music Systems,Dance Central 3,360,Microsoft Game Studios,"Oct 16, 2012",10/14/2012,9.5
709,Visual Concepts,NBA 2K13,"360, Android, PS3, PSP, Wii, Wii U, Win, iOS",2K Sports,"Oct 2, 2012",10/12/2012,8.0
710,Playground Games,Forza Horizon,360,Microsoft Game Studios,"Oct 23, 2012",10/12/2012,6.0
711,Vblank Entertainment,Retro City Rampage,"360, 3DS, Mac, PS Vita, PS3, PS4, WiiWare, Win",Vblank Entertainment,"Oct 9, 2012",10/11/2012,6.5
712,Lionhead Studios,Fable: The Journey,360,Microsoft Studios,"Oct 9, 2012",10/09/2012,4.5
713,Arkane Studios,Dishonored,"360, PS3, Win",Bethesda Softworks,"Oct 9, 2012",10/08/2012,9.0
714,Firaxis Games,XCOM: Enemy Unknown,"360, Mac, PS3, Win, iOS",2K Games,"Oct 9, 2012",10/07/2012,8.5
715,Sonic Team,Nights into Dreams...,"PSN, Sega Saturn, Win, XBLA",Sega,"Aug 31, 1996",10/02/2012,5.5
716,Game Freak,Pokémon Black 2/Pokémon White 2,DS,Nintendo,"Oct 7, 2012",10/01/2012,7.0
717,Spike Chunsoft,Fire Pro Wrestling (2012),360,Microsoft Game Studios,"Sep 21, 2012",10/01/2012,5.0
718,Capcom,Resident Evil 6,"360, PS3, Win",Capcom,"Oct 2, 2012",09/30/2012,4.0
719,EA Canada,FIFA 13,"360, 3DS, PS Vita, PS3, PSP, Wii, Wii U, Win",EA Sports,"Sep 25, 2012",09/28/2012,9.0
720,Runic Games,Torchlight 2,Win,Runic Games,"Sep 20, 2012",09/25/2012,8.5
721,Rovio Entertainment,Bad Piggies,"Android, Mac, Win, iOS",Rovio Entertainment,"Sep 27, 2012",09/25/2012,7.0
722,Arkedo,Hell Yeah! Wrath of the Dead Rabbit,"360, PSN, Win",Sega,"Sep 26, 2012",09/24/2012,6.0
723,Subset Games,FTL: Faster Than Light,"Linux, Mac, Win, iOS",Subset Games,"Sep 14, 2012",09/20/2012,9.0
724,Pastagames,Rayman Jungle Run,iOS,Ubisoft,"Sep 18, 2012",09/19/2012,8.0
725,Gearbox Software,Borderlands 2,"360, Mac, PS Vita, PS3, Win",2K Games,"Sep 18, 2012",09/17/2012,7.5
726,PlayStation C.A.M.P.,Tokyo Jungle,"PS3, PlayStation Mobile",Sony Computer Entertainment,"Sep 25, 2012",09/17/2012,8.0
727,Namco Bandai,Tekken Tag Tournament 2,"360, PS3, Wii U",Namco Bandai,"Sep 11, 2012",09/13/2012,8.0
728,Double Eleven,LittleBigPlanet PS Vita,PS Vita,Sony Computer Entertainment,"Sep 25, 2012",09/11/2012,9.0
729,WayForward Technologies,Double Dragon Neon,"360, PSN, Win",Majesco Entertainment,"Sep 11, 2012",09/10/2012,6.5
730,EA Canada,NHL 13,"360, PS3",EA Sports,"Sep 11, 2012",09/10/2012,8.5
731,Telltale Games,The Walking Dead: Episode 3,"Mac, PSN, Win, XBLA, iOS",Telltale Games,"Aug 29, 2012",09/03/2012,8.0
732,Arc System Works,Persona 4 Arena,"360, PS3",Atlus,"Aug 7, 2012",08/29/2012,8.0
733,Sos,McPixel,iOS,Sos,"Aug 27, 2012",08/29/2012,8.0
734,Chair Entertainment,Vote!!!,iOS,Epic Games,"Aug 22, 2012",08/27/2012,6.5
735,Harmonix Music Systems,Rock Band Blitz,"PSN, XBLA",Harmonix Music Systems,"Aug 29, 2012",08/27/2012,8.0
736,EA Tiburon,Madden NFL 13,"360, PS Vita, PS3, Wii, Wii U",EA Sports,"Aug 28, 2012",08/24/2012,8.0
737,Nintendo,New Super Mario Bros. 2,3DS,Nintendo,"Aug 19, 2012",08/20/2012,7.0
738,High Moon Studios,Transformers: Fall of Cybertron,"360, PS3, Win",Activision,"Aug 21, 2012",08/21/2012,9.0
739,Owlchemy Labs,Jack Lumber,"Linux, Mac, Win, iOS",Sega,"Aug 16, 2012",08/16/2012,8.0
740,United Front Games,Sleeping Dogs,"360, PS3, Win",Square Enix,"Aug 14, 2012",08/14/2012,7.0
741,Vigil Games,Darksiders 2,"360, PS3, PS4, Wii U, Win, Xbox One",THQ,"Aug 14, 2012",08/14/2012,9.0
742,Humble Hearts,Dust: An Elysian Tail,"360, Win",Microsoft Game Studios,"Aug 15, 2012",08/12/2012,8.0
743,The Blast Furnace,Pitfall!,iOS,Activision,"Aug 9, 2012",08/09/2012,6.0
744,Queasy Games,Sound Shapes,"PS Vita, PS3, PS4",Sony Computer Entertainment,"Aug 7, 2012",08/07/2012,9.0
745,Colossal Games,Commando Jack,iOS,EA Chillingo,"Jul 18, 2012",08/05/2012,5.0
746,Tequila Works,Deadlight,"360, Win",Microsoft Game Studios,"Aug 1, 2012",07/29/2012,7.0
747,Square Enix Product Development Division 1,Kingdom Hearts 3D: Dream Drop Distance,3DS,Square Enix,"Jul 31, 2012",07/26/2012,5.0
748,Iron Galaxy Studios,Wreckateer,XBLA,Microsoft Game Studios,"Jul 25, 2012",07/24/2012,6.0
749,Funcom,The Secret World,Win,Electronic Arts,"Jul 3, 2012",07/20/2012,6.5
750,Subatomic Studios,Fieldrunners 2,"Android, Win, iOS",Subatomic Studios,"Jul 18, 2012",07/19/2012,8.5
751,Robomodo,Tony Hawk's Pro Skater HD,"PSN, Win, XBLA",Activision,"Jul 18, 2012",07/18/2012,5.0
752,n-Space,Heroes of Ruin,3DS,Square Enix,"Jul 17, 2012",07/16/2012,4.0
753,Right Square Bracket Left Square Bracket Games,Dyad,"PSN, Win",Right Square Bracket Left Square Bracket Games,"Jul 17, 2012",07/15/2012,9.0
754,Telltale Games,The Walking Dead: Episode 2,"Mac, PSN, Win, XBLA, iOS",Telltale Games,"Jun 29, 2012",07/05/2012,9.0
755,Traveller's Tales,Lego Batman 2: DC Super Heroes,"360, 3DS, DS, PS Vita, PS3, Wii, Wii U, Win, iOS",Warner Bros. Interactive Entertainment,"Jun 19, 2012",07/03/2012,7.5
756,Benjamin Rivers,Home,"Mac, PS Vita, PS4, Win, iOS",Benjamin Rivers,"Jun 1, 2012",07/03/2012,8.0
757,Indies Zero,Theatrhythm Final Fantasy,"3DS, iOS",Square Enix,"Jul 3, 2012",07/02/2012,8.5
758,Mossmouth,Spelunky,"360, PS Vita, PS3, Win",Mossmouth,"Jul 4, 2012",07/02/2012,10.0
759,Beenox,The Amazing Spider Man,"360, 3DS, Android, DS, PS Vita, PS3, Wii, Win, iOS",Activision,"Jun 26, 2012",06/28/2012,7.5
760,Tecmo Koei Games,Pokémon Conquest,DS,Nintendo,"Jun 18, 2012",06/27/2012,5.0
761,Yager Development,Spec Ops: The Line,"360, Mac, PS3, Win",2K Games,"Jun 26, 2012",06/26/2012,8.0
762,Bluehole Studio,TERA,Win,En Masse Entertainment,"May 1, 2012",06/21/2012,6.0
763,Airtight Games,Quantum Conundrum,"PSN, Win, XBLA",Square Enix,"Jun 21, 2012",06/20/2012,7.5
764,FromSoftware,Steel Battalion: Heavy Armor,360,Capcom,"Jun 19, 2012",06/19/2012,1.0
765,Firaxis Games,Sid Meier's Civilization 5,"Mac, Win",2K Games,"Sep 21, 2010",06/17/2012,9.0
766,Vatra Games,Silent Hill: Downpour,"360, PS3",Konami Digital Entertainment,"Mar 13, 2012",06/14/2012,5.0
767,Grasshopper Manufacture,Lollipop Chainsaw,"360, PS3",Warner Bros. Interactive Entertainment,"Jun 12, 2012",06/14/2012,6.5
768,SCE Japan Studio,Gravity Rush,"PS Vita, PS4",Sony Computer Entertainment,"Jun 12, 2012",06/12/2012,7.0
769,Cyanide Studio,Game of Thrones,"360, PS3, Win",Atlus,"May 15, 2012",05/30/2012,5.0
770,Nihilistic Software,Resistance: Burning Skies,PS Vita,Sony Computer Entertainment,"May 29, 2012",05/29/2012,6.5
771,Codemasters Southam,Dirt Showdown,"360, PS3, Win",Codemasters,"Jun 12, 2012",05/29/2012,6.0
772,Plastic,Datura,PSN,Sony Computer Entertainment,"May 8, 2012",05/27/2012,6.5
773,Camelot Software Planning,Mario Tennis Open,3DS,Nintendo,"May 20, 2012",05/24/2012,6.0
774,Rockstar Vancouver,Max Payne 3,"360, Mac, PS3, Win",Rockstar Games,"May 15, 2012",05/14/2012,9.0
775,Mojang,Minecraft,"360, Android, Linux, Mac, PS Vita, PS3, PS4, Win, Xbox One, iOS",Mojang,"Nov 18, 2011",05/07/2012,7.0
776,Lionhead Studios,Fable Heroes,360,Microsoft,"May 2, 2012",05/01/2012,4.0
777,Steven Böger,Spellsword,iOS,Everplay Interactive,"Apr 26, 2012",04/25/2012,7.0
778,Climax Studios,Bloodforge,360,Microsoft Game Studios,"Apr 25, 2012",04/25/2012,2.0
779,Telltale Games,The Walking Dead: Episode 1,"Mac, PSN, Win, XBLA, iOS",Telltale Games,"Apr 24, 2012",04/23/2012,9.0
780,Radical Entertainment,Prototype 2,"360, PS3, Win",Activision,"Apr 24, 2012",04/23/2012,7.0
781,Piranha Bytes,Risen 2: Dark Waters,"360, PS3, Win",Deep Silver,"Apr 24, 2012",04/22/2012,7.0
782,RedLynx,Trials Evolution,"Win, XBLA",Microsoft Game Studios,"Apr 18, 2012",04/19/2012,9.0
783,Almost Human Ltd.,Legend of Grimrock,Win,Almost Human Ltd.,"Apr 11, 2012",04/12/2012,6.5
784,Polytron,Fez,"360, Linux, Mac, PS Vita, PS3, PS4, Win, iOS",Microsoft Studios,"Apr 13, 2012",04/11/2012,8.0
785,Grasshopper Manufacture,Diabolical Pitch,360,Microsoft,"Apr 5, 2012",04/03/2012,4.0
786,LucasArts,Kinect Star Wars,360,Microsoft,"Apr 3, 2012",04/02/2012,4.0
787,Other Ocean Interactive,South Park: Tenorman's Revenge,XBLA,Microsoft Game Studios,"Mar 30, 2012",04/01/2012,3.0
788,Project Sora,Kid Icarus: Uprising,3DS,Nintendo,"Mar 23, 2012",03/25/2012,9.0
789,Team Ninja,Ninja Gaiden 3,"360, PS3",Tecmo Koei Games,"Mar 20, 2012",03/20/2012,5.0
790,Slant Six Games,Resident Evil: Operation Raccoon City,"360, PS3, Win",Capcom,"Mar 20, 2012",03/19/2012,3.0
791,Demiurge Studios,Shoot Many Robots,"Android, PSN, Win, XBLA, iOS",Ubisoft,"Mar 13, 2012",03/13/2012,7.0
792,Namco Bandai,Touch My Katamari,PS Vita,Namco Bandai,"Feb 22, 2012",03/08/2012,5.0
793,Darkworks,I Am Alive,"360, PSN, Win",Ubisoft,"Mar 7, 2012",03/07/2012,4.0
794,BioWare,Mass Effect 3,"360, PS3, Wii U, Win",Electronic Arts,"Mar 6, 2012",03/06/2012,10.0
795,thatgamecompany,Journey,"PS3, PS4",Sony Computer Entertainment,"Mar 13, 2012",03/01/2012,10.0
796,CyberConnect2,Asura's Wrath,"360, PS3",Capcom,"Feb 21, 2012",02/27/2012,7.0
797,EA Canada,SSX (2012),"360, PS3",EA Sports,"Feb 28, 2012",02/28/2012,9.0
798,Klei Entertainment,Shank 2,"360, PS3, Win",Electronic Arts,"Feb 7, 2012",02/22/2012,5.0
799,Fun Bits Interactive,Escape Plan,"PS Vita, PS4",Sony Computer Entertainment,"Feb 22, 2012",02/22/2012,6.0
800,Sony Bend,Uncharted: Golden Abyss,PS Vita,Sony Computer Entertainment,"Feb 15, 2012",02/23/2012,7.0
801,DrinkBox Studios,Tales from Space: Mutant Blobs Attack,"PS Vita, Win",DrinkBox Studios,"Feb 21, 2012",02/21/2012,9.0
802,Digital Extremes,The Darkness 2,"360, Mac, PS3, Win",2K Games,"Feb 7, 2012",02/20/2012,7.0
803,Big Huge Games,Kingdoms of Amalur: Reckoning,"360, PS3, Win",Electronic Arts,"Feb 7, 2012",02/20/2012,7.0
804,Starbreeze Studios,Syndicate,"360, PS3, Win",Electronic Arts,"Feb 21, 2012",02/20/2012,8.5
805,Remedy Entertainment,Alan Wake's American Nightmare,"360, Win",Microsoft Game Studios,"Feb 22, 2012",02/20/2012,7.0
